FormID, EditorID, Full, SNAM
0x0001CA06, "FrozenLifeLondinion", "Frozen Plains", "Frozen"
0x00024FC4, "DesertRockyLife06", "Rocky Desert", "DesertRocky"
0x0002E850, "VolcanicWornNoLife07", "Volcanic", "VolcanicWorn"
0x00037935, "HillsLifeTauGourmet", "Hills", "Hills"
0x000414BB, "HillsLife14", "Hills", "Hills"
0x0004E650, "HillsNoLifeVenus", "Hills", "Hills"
0x0004E681, "DesertRockyNoLifeVenus", "Rocky Desert", "DesertRocky"
0x0007D721, "OceanLife09", "Ocean", "Ocean"
0x0007D722, "OceanLife08", "Ocean", "Ocean"
0x0007D723, "OceanLife07", "Ocean", "Ocean"
0x0007D724, "OceanLife06", "Ocean", "Ocean"
0x0007D725, "OceanNoLife01", "Ocean", "Ocean"
0x0007E2C5, "VolcanicWornNoLife06", "Volcanic", "VolcanicWorn"
0x0007E2C6, "VolcanicWornLife06", "Volcanic", "VolcanicWorn"
0x0007EF0F, "ForestDeciduousLife26", "Deciduous Forest", "ForestDeciduous"
0x0007F887, "OceanLife02", "Ocean", "Ocean"
0x0007F888, "OceanLife03", "Ocean", "Ocean"
0x0007F889, "OceanLife05", "Ocean", "Ocean"
0x0007F88A, "OceanLife04", "Ocean", "Ocean"
0x0007F88B, "OceanLife01", "Ocean", "Ocean"
0x0007FFFE, "VolcanicWornNoLife05", "Volcanic", "VolcanicWorn"
0x0007FFFF, "VolcanicWornLife05", "Volcanic", "VolcanicWorn"
0x00080000, "VolcanicWornLife04", "Volcanic", "VolcanicWorn"
0x00080231, "VolcanicWornNoLife04", "Volcanic", "VolcanicWorn"
0x00080232, "VolcanicWornNoLife03", "Volcanic", "VolcanicWorn"
0x00080233, "VolcanicWornNoLife02", "Volcanic", "VolcanicWorn"
0x00084E12, "FrozenNoLifeMars", "Frozen Hills", "Frozen"
0x0008A8A4, "VolcanicRoughNoLife10", "Volcanic", "VolcanicRough"
0x0008A8A5, "VolcanicRoughNoLife09", "Volcanic", "VolcanicRough"
0x0008A8A6, "VolcanicRoughNoLife08", "Volcanic", "VolcanicRough"
0x0008A8A7, "VolcanicRoughNoLife07", "Volcanic", "VolcanicRough"
0x0008AE77, "HillsLife13", "Hills", "Hills"
0x0008AE7A, "VolcanicRoughLife10", "Volcanic", "VolcanicRough"
0x0008AE7B, "VolcanicRoughLife09", "Volcanic", "VolcanicRough"
0x0008DFF9, "FrozenLife12", "Frozen Crevasses", "Frozen"
0x0008DFFA, "VolcanicRoughLife05", "Volcanic", "VolcanicRough"
0x0008DFFB, "VolcanicRoughLife06", "Volcanic", "VolcanicRough"
0x0008DFFC, "VolcanicRoughLife07", "Volcanic", "VolcanicRough"
0x0008DFFD, "VolcanicRoughLife08", "Volcanic", "VolcanicRough"
0x00094239, "OceanNoLifeMethaneFrozen", "Ocean", "Ocean"
0x0009423A, "OceanNoLifeMethaneLiquid", "Ocean", "Ocean"
0x0009423B, "OceanNoLifeSulfur", "Ocean", "Ocean"
0x00095091, "VolcanicRoughLife04", "Volcanic", "VolcanicRough"
0x00095092, "DesertSandyLife11", "Sandy Desert", "DesertSandy"
0x00095093, "VolcanicRoughNoLife06", "Volcanic", "VolcanicRough"
0x00095094, "VolcanicRoughNoLife05", "Volcanic", "VolcanicRough"
0x00095095, "VolcanicRoughNoLife04", "Volcanic", "VolcanicRough"
0x00095096, "VolcanicRoughNoLife03", "Volcanic", "VolcanicRough"
0x00095097, "VolcanicRoughNoLife02", "Volcanic", "VolcanicRough"
0x000A108C, "OceanNoLifeNitrogen", "Ocean", "Ocean"
0x000A86D9, "FrozenLife11", "Frozen Volcanic", "Frozen"
0x000A86DA, "MountainsLife05", "Mountains", ""
0x000A86DB, "FrozenNoLife04", "Frozen Dunes", "Frozen"
0x000A86DC, "CrateredNoLife03", "Craters", "Cratered"
0x000A86DD, "DesertRockyNoLife01", "Rocky Desert", "DesertRocky"
0x000AA382, "VolcanicRoughLife02", "Volcanic", "VolcanicRough"
0x000AF3CA, "SavannaLife16", "Savanna", "Savanna"
0x000AF3CB, "SavannaLife15", "Savanna", "Savanna"
0x000B2630, "SavannaLife13", "Savanna", "Savanna"
0x000B2635, "SavannaLife14", "Savanna", "Savanna"
0x000B2D7C, "FrozenLifeNiira", "Frozen Plains", "Frozen"
0x000B2D7D, "HillsLifeNiira", "Hills", "Hills"
0x000B2D7E, "WetlandsLifeNiira", "Wetlands", "Wetlands"
0x000C5714, "CrateredNoLife13", "Craters", "Cratered"
0x000C5715, "FrozenNoLife11", "Frozen Craters", "Frozen"
0x000C5716, "CrateredNoLife12", "Craters", "Cratered"
0x000C5717, "CrateredNoLife11", "Craters", "Cratered"
0x000C5718, "CrateredNoLife10", "Craters", "Cratered"
0x000C5719, "CrateredNoLife09", "Craters", "Cratered"
0x000C571A, "CrateredNoLife08", "Craters", "Cratered"
0x000C571B, "CrateredNoLife07", "Craters", "Cratered"
0x000D0A64, "ArchipelagoLifeErvinsCamp", "Swamp", "Archipelago"
0x000D1B7B, "MountainsLife12", "Mountains", "Mountains"
0x000D1B7C, "MountainsLife11", "Mountains", "Mountains"
0x000D1B7D, "MountainsNoLife10", "Mountains", "Mountains"
0x000D1B7E, "MountainsNoLife09", "Mountains", "Mountains"
0x000D1B7F, "MountainsNoLife12", "Mountains", "Mountains"
0x000D1B80, "MountainsNoLife11", "Mountains", "Mountains"
0x000D1B81, "MountainsNoLife08", "Mountains", "Mountains"
0x000D1B82, "MountainsNoLife07", "Mountains", "Mountains"
0x000D3A1D, "MountainsNoLife06", "Mountains", "Mountains"
0x000D3A1E, "MountainsNoLife05", "Mountains", "Mountains"
0x000D9BAC, "FrozenLifeKreet", "Frozen Volcanic", ""
0x000D9BAD, "MountainsLife10", "Mountains", "Mountains"
0x000D9BAE, "MountainsLife09", "Mountains", "Mountains"
0x000D9BAF, "MountainsLife08", "Mountains", "Mountains"
0x000D9BB0, "MountainsLife07", "Mountains", "Mountains"
0x000D9BB1, "MountainsLife06", "Mountains", "Mountains"
0x000E37D7, "DesertRockyLife11", "Rocky Desert", "DesertRocky"
0x000E37D8, "DesertRockyLife10", "Rocky Desert", "DesertRocky"
0x000E37D9, "DesertRockyLife09", "Rocky Desert", "DesertRocky"
0x000E37DA, "DesertRockyLife08", "Rocky Desert", "DesertRocky"
0x000E37DB, "DesertRockyLife07", "Rocky Desert", "DesertRocky"
0x000E66AE, "DesertRockyNoLife10", "Rocky Desert", "DesertRocky"
0x000E66AF, "DesertRockyNoLife09", "Rocky Desert", "DesertRocky"
0x000E66B0, "DesertRockyNoLife08", "Rocky Desert", "DesertRocky"
0x000E66B1, "DesertRockyNoLife07", "Rocky Desert", "DesertRocky"
0x000E869D, "CanyonsNoLife09", "Plateau", "Canyons"
0x000F1169, "DesertSandyNoLifeEarth", "Sandy Desert", "DesertSandy"
0x000F1F0B, "ArchipelagoNoLife04", "Swamp", "Archipelago"
0x000F1F0C, "ArchipelagoNoLife09", "Swamp", "Archipelago"
0x000F1F0D, "ArchipelagoLife05", "Swamp", "Archipelago"
0x000F1F0E, "ArchipelagoNoLife05", "Swamp", "Archipelago"
0x000F1F0F, "ArchipelagoNoLife10", "Swamp", "Archipelago"
0x000F1F10, "ArchipelagoNoLife08", "Swamp", "Archipelago"
0x000F1F11, "ArchipelagoNoLife07", "Swamp", "Archipelago"
0x000F1F12, "ArchipelagoNoLife06", "Swamp", "Archipelago"
0x000F1F13, "ArchipelagoLife10", "Swamp", "Archipelago"
0x000F1F14, "ArchipelagoLife09", "Swamp", "Archipelago"
0x000F1F15, "ArchipelagoLife08", "Swamp", "Archipelago"
0x000F1F16, "ArchipelagoLife07", "Swamp", "Archipelago"
0x000F1F17, "ArchipelagoLife06", "Swamp", "Archipelago"
0x000F3D3A, "FrozenNoLifeTitan", "Frozen Plains", "Frozen"
0x000FC617, "FrozenNoLife08", "Frozen Hills", "Frozen"
0x000FC618, "FrozenNoLife07", "Frozen Plains", "Frozen"
0x000FC619, "FrozenNoLife06", "Frozen Volcanic", "Frozen"
0x000FC61A, "FrozenNoLife05", "Frozen Plains", "Frozen"
0x000FC61B, "FrozenNoLife10", "Frozen Mountains", "Frozen"
0x000FC61C, "FrozenNoLife09", "Frozen Plains", "Frozen"
0x000FC61D, "FrozenNoLifeVectera", "Frozen Dunes", ""
0x000FC61E, "FrozenNoLife03", "Frozen Mountains", "Frozen"
0x000FC61F, "FrozenNoLife02", "Frozen Hills", "Frozen"
0x000FC620, "FrozenNoLife01", "Frozen Plains", "Frozen"
0x000FD00A, "FrozenLife10", "Frozen Plains", "Frozen"
0x000FD00B, "FrozenLife09", "Frozen Plains", "Frozen"
0x000FD00C, "FrozenLife08", "Frozen Mountains", "Frozen"
0x000FD00D, "FrozenLife07", "Frozen Mountains", "Frozen"
0x000FD00E, "FrozenLife06", "Frozen Hills", "Frozen"
0x000FD00F, "ArchipelagoLife02", "Swamp", "Archipelago"
0x000FD010, "ArchipelagoLife03", "Swamp", "Archipelago"
0x000FD011, "ArchipelagoNoLife01", "Swamp", "Archipelago"
0x000FD012, "ArchipelagoLife01", "Swamp", "Archipelago"
0x000FD013, "ArchipelagoNoLife02", "Swamp", "Archipelago"
0x000FD014, "ArchipelagoNoLife03", "Swamp", "Archipelago"
0x000FD015, "ArchipelagoLife04", "Swamp", "Archipelago"
0x000FD6F5, "FrozenLife05", "Frozen Dunes", "Frozen"
0x000FD6F6, "FrozenLife04", "Frozen Plains", "Frozen"
0x000FD6F7, "FrozenLife03", "Frozen Plains", "Frozen"
0x00100515, "FrozenNoLifeMasadaIII", "Frozen Mountains", "Frozen"
0x00101646, "DesertRockyLifeGagarin", "Rocky Desert", "DesertRocky"
0x0010EC55, "HillsLife12", "Hills", "Hills"
0x0010EC56, "HillsLife11", "Hills", "Hills"
0x0010EC57, "HillsLife10", "Hills", "Hills"
0x0010EC58, "HillsLife09", "Hills", "Hills"
0x00110D5C, "CanyonsNoLife08", "Plateau", "Canyons"
0x00110FCA, "ForestTropicalLifeFirstsHideout", "Tropical Forest", "ForestTropical"
0x00110FCB, "ForestTropicalLifeParadiso", "Tropical Forest", "ForestTropical"
0x00110FCC, "CanyonsLife10", "Plateau", "Canyons"
0x0011445C, "DesertRockyNoLife06", "Rocky Desert", "DesertRocky"
0x001160D5, "HillsNoLife04", "Hills", "Hills"
0x001160D6, "HillsNoLife25", "Hills", "Hills"
0x001160D7, "HillsNoLife24", "Hills", "Hills"
0x001160D8, "HillsNoLife09", "Hills", "Hills"
0x001160D9, "HillsNoLife08", "Hills", "Hills"
0x001160DA, "HillsNoLife07", "Hills", "Hills"
0x001160DB, "HillsNoLife06", "Hills", "Hills"
0x001160DC, "HillsNoLife23", "Hills", "Hills"
0x001160DD, "HillsNoLife22", "Hills", "Hills"
0x001160DE, "HillsNoLife15", "Hills", "Hills"
0x001160DF, "HillsNoLife14", "Hills", "Hills"
0x001160E0, "HillsNoLife13", "Hills", "Hills"
0x001160E1, "HillsNoLife12", "Hills", "Hills"
0x001160E2, "HillsNoLife11", "Hills", "Hills"
0x001160E3, "HillsNoLife10", "Hills", "Hills"
0x001160E4, "HillsNoLife18", "Hills", "Hills"
0x001160E5, "HillsNoLife17", "Hills", "Hills"
0x001160E6, "HillsNoLife16", "Hills", "Hills"
0x001160E7, "HillsNoLife21", "Hills", "Hills"
0x001160E8, "HillsNoLife20", "Hills", "Hills"
0x001160E9, "HillsNoLife19", "Hills", "Hills"
0x001160EA, "HillsNoLife05", "Hills", "Hills"
0x001160EB, "HillsNoLife03", "Hills", "Hills"
0x001160EC, "ForestConiferousLife35", "Coniferous Forest", "ForestConiferous"
0x001160ED, "ForestConiferousLife34", "Coniferous Forest", "ForestConiferous"
0x001160EE, "ForestConiferousLife33", "Coniferous Forest", "ForestConiferous"
0x001160EF, "ForestConiferousLife32", "Coniferous Forest", "ForestConiferous"
0x001160F0, "ForestConiferousLife31", "Coniferous Forest", "ForestConiferous"
0x001160F1, "ForestConiferousLife30", "Coniferous Forest", "ForestConiferous"
0x001160F2, "ForestConiferousLife29", "Coniferous Forest", "ForestConiferous"
0x001160F3, "ForestConiferousLife28", "Coniferous Forest", "ForestConiferous"
0x001160F4, "ForestConiferousLife27", "Coniferous Forest", "ForestConiferous"
0x001160F5, "ForestConiferousLife26", "Coniferous Forest", "ForestConiferous"
0x00116476, "ForestConiferousLife25", "Coniferous Forest", "ForestConiferous"
0x00116477, "ForestConiferousLife24", "Coniferous Forest", "ForestConiferous"
0x00116478, "ForestConiferousLife23", "Coniferous Forest", "ForestConiferous"
0x00116479, "ForestConiferousLife22", "Coniferous Forest", "ForestConiferous"
0x0011647A, "ForestConiferousLife21", "Coniferous Forest", "ForestConiferous"
0x0011647B, "ForestConiferousLife20", "Coniferous Forest", "ForestConiferous"
0x0011647C, "ForestConiferousLife19", "Coniferous Forest", "ForestConiferous"
0x0011647D, "ForestConiferousLife18", "Coniferous Forest", "ForestConiferous"
0x0011647E, "ForestConiferousLife17", "Coniferous Forest", "ForestConiferous"
0x00116482, "ForestConiferousLife16", "Coniferous Forest", "ForestConiferous"
0x00116483, "ForestConiferousLife15", "Coniferous Forest", "ForestConiferous"
0x00116484, "ForestConiferousLife14", "Coniferous Forest", "ForestConiferous"
0x001177C4, "WetlandsLife08", "Wetlands", "Wetlands"
0x001177C5, "WetlandsLife09", "Wetlands", "Wetlands"
0x001177C6, "WetlandsLife07", "Wetlands", "Wetlands"
0x001177C7, "WetlandsLife10", "Wetlands", "Wetlands"
0x0011B743, "WetlandsLife05", "Wetlands", "Wetlands"
0x0011B744, "WetlandsLife06", "Wetlands", "Wetlands"
0x0011B745, "WetlandsLife04", "Wetlands", "Wetlands"
0x0011B746, "WetlandsLife03", "Wetlands", "Wetlands"
0x0011BCD2, "CanyonsNoLife07", "Plateau", "Canyons"
0x0011BCD3, "CanyonsNoLife10", "Plateau", "Canyons"
0x0011F922, "ForestDeciduousLife25", "Deciduous Forest", "ForestDeciduous"
0x0011F923, "ForestDeciduousLife24", "Deciduous Forest", "ForestDeciduous"
0x0011F924, "ForestDeciduousLife23", "Deciduous Forest", "ForestDeciduous"
0x0011F925, "ForestDeciduousLife22", "Deciduous Forest", "ForestDeciduous"
0x0011F926, "ForestDeciduousLife21", "Deciduous Forest", "ForestDeciduous"
0x0011F927, "ForestDeciduousLife20", "Deciduous Forest", "ForestDeciduous"
0x0011F928, "ForestDeciduousLife19", "Deciduous Forest", "ForestDeciduous"
0x0011F929, "ForestDeciduousLife18", "Deciduous Forest", "ForestDeciduous"
0x0011F92A, "ForestDeciduousLife17", "Deciduous Forest", "ForestDeciduous"
0x0011F92B, "ForestDeciduousLife16", "Deciduous Forest", "ForestDeciduous"
0x0011F97E, "ForestDeciduousLife15", "Deciduous Forest", "ForestDeciduous"
0x0011F97F, "ForestDeciduousLife14", "Deciduous Forest", "ForestDeciduous"
0x0011F980, "ForestDeciduousLife13", "Deciduous Forest", "ForestDeciduous"
0x0011F981, "ForestDeciduousLife12", "Deciduous Forest", "ForestDeciduous"
0x0011F982, "ForestDeciduousLife11", "Deciduous Forest", "ForestDeciduous"
0x0011F983, "ForestDeciduousLife10", "Deciduous Forest", "ForestDeciduous"
0x0011F984, "ForestDeciduousLife09", "Deciduous Forest", "ForestDeciduous"
0x0011F985, "ForestDeciduousLife08", "Deciduous Forest", "ForestDeciduous"
0x0011F986, "ForestDeciduousLife07", "Deciduous Forest", "ForestDeciduous"
0x0011F987, "ForestDeciduousLife06", "Deciduous Forest", "ForestDeciduous"
0x0011F988, "ForestDeciduousLife05", "Deciduous Forest", "ForestDeciduous"
0x00120C76, "OceanLifeVoliiAlpha", "Ocean", "Ocean"
0x001217BB, "ForestTropicalLife25", "Tropical Forest", "ForestTropical"
0x001217BC, "ForestTropicalLife24", "Tropical Forest", "ForestTropical"
0x001217BD, "ForestTropicalLife23", "Tropical Forest", "ForestTropical"
0x001217BE, "ForestTropicalLife22", "Tropical Forest", "ForestTropical"
0x00124044, "FrozenLife02", "Frozen Plains", "Frozen"
0x001297F1, "WetlandsLife02", "Wetlands", "Wetlands"
0x001297F2, "WetlandsLife01", "Wetlands", "Wetlands"
0x0012B463, "ForestConiferousLife12", "Coniferous Forest", "ForestConiferous"
0x0012B464, "ForestConiferousLife11", "Coniferous Forest", "ForestConiferous"
0x0012D955, "CanyonsLife09", "Plateau", "Canyons"
0x00134B6A, "FrozenLife01", "Frozen Plains", "Frozen"
0x00145440, "CanyonsNoLife06", "Plateau", "Canyons"
0x00145442, "CanyonsLife08", "Plateau", "Canyons"
0x0014544E, "CanyonsLife07", "Plateau", "Canyons"
0x0014544F, "CanyonsLife06", "Plateau", "Canyons"
0x0014805D, "CanyonsLife03", "Plateau", "Canyons"
0x00148061, "CanyonsNoLife05", "Plateau", "Canyons"
0x00148062, "CanyonsNoLife04", "Plateau", "Canyons"
0x00148063, "CanyonsLife05", "Plateau", "Canyons"
0x00148064, "CanyonsLife04", "Plateau", "Canyons"
0x0014C016, "DesertSandyNoLife10", "Sandy Desert", "DesertSandy"
0x0014C017, "DesertSandyNoLife09", "Sandy Desert", "DesertSandy"
0x0014C018, "DesertSandyNoLife08", "Sandy Desert", "DesertSandy"
0x0014C019, "DesertSandyNoLife07", "Sandy Desert", "DesertSandy"
0x0014C01A, "DesertSandyNoLife06", "Sandy Desert", "DesertSandy"
0x0014C01B, "DesertSandyLife10", "Sandy Desert", "DesertSandy"
0x0014C1C3, "DesertSandyLife09", "Sandy Desert", "DesertSandy"
0x0014C1D4, "DesertSandyLife08", "Sandy Desert", "DesertSandy"
0x0014C1D5, "DesertSandyLife07", "Sandy Desert", "DesertSandy"
0x0014C1DD, "DesertSandyLife06", "Sandy Desert", "DesertSandy"
0x0017B858, "ForestConiferousLife10", "Coniferous Forest", "ForestConiferous"
0x0017B859, "ForestConiferousLife09", "Coniferous Forest", "ForestConiferous"
0x0017B85A, "ForestConiferousLife08", "Coniferous Forest", "ForestConiferous"
0x0017B85B, "ForestConiferousLife07", "Coniferous Forest", "ForestConiferous"
0x0017B85C, "ForestConiferousLife06", "Coniferous Forest", "ForestConiferous"
0x0017B85D, "ForestConiferousLife05", "Coniferous Forest", "ForestConiferous"
0x0017B861, "Gas_Giant_Template", "", ""
0x001862BD, "CrateredLife06", "Craters", "Cratered"
0x001862BE, "CrateredLife05", "Craters", "Cratered"
0x001862BF, "CrateredNoLife06", "Craters", "Cratered"
0x001862C0, "CrateredNoLife05", "Craters", "Cratered"
0x00187463, "CrateredLife04", "Craters", "Cratered"
0x00187464, "CrateredLife03", "Craters", "Cratered"
0x001886D0, "HillsLife16", "Hills", "Hills"
0x001886D2, "HillsLife17", "Hills", "Hills"
0x001886D3, "HillsLife18", "Hills", "Hills"
0x0018A899, "SavannaLife07", "Savanna", "Savanna"
0x0018A89A, "SavannaLife11", "Savanna", "Savanna"
0x0018A89B, "SavannaLife12", "Savanna", "Savanna"
0x0018A89C, "SavannaLife10", "Savanna", "Savanna"
0x0018A89D, "SavannaLife09", "Savanna", "Savanna"
0x0018A89E, "SavannaLife08", "Savanna", "Savanna"
0x0018A89F, "SavannaLife06", "Savanna", "Savanna"
0x0018A8A0, "SavannaLife05", "Savanna", "Savanna"
0x0018E3C8, "ForestTropicalLife21", "Tropical Forest", "ForestTropical"
0x0018E65A, "ForestTropicalLife20", "Tropical Forest", "ForestTropical"
0x0018F249, "ForestTropicalLife19", "Tropical Forest", "ForestTropical"
0x0018FE1A, "ForestTropicalLife18", "Tropical Forest", "ForestTropical"
0x00190131, "ForestTropicalLife17", "Tropical Forest", "ForestTropical"
0x00190132, "ForestTropicalLife16", "Tropical Forest", "ForestTropical"
0x00190133, "ForestTropicalLife15", "Tropical Forest", "ForestTropical"
0x00190134, "ForestTropicalLife14", "Tropical Forest", "ForestTropical"
0x00190135, "ForestTropicalLife13", "Tropical Forest", "ForestTropical"
0x00190136, "ForestTropicalLife12", "Tropical Forest", "ForestTropical"
0x00190137, "ForestTropicalLife11", "Tropical Forest", "ForestTropical"
0x00190B97, "ForestTropicalLife10", "Tropical Forest", "ForestTropical"
0x00190B98, "ForestTropicalLife09", "Tropical Forest", "ForestTropical"
0x00190B99, "ForestTropicalLife08", "Tropical Forest", "ForestTropical"
0x00190B9A, "ForestTropicalLife07", "Tropical Forest", "ForestTropical"
0x0019E808, "DesertSandyNoLife05", "Sandy Desert", "DesertSandy"
0x0019E809, "DesertSandyLife05", "Sandy Desert", "DesertSandy"
0x0019E82A, "DesertSandyLife04", "Sandy Desert", "DesertSandy"
0x001A23C7, "DesertSandyNoLife04", "Sandy Desert", "DesertSandy"
0x001A2F12, "DesertSandyNoLife03", "Sandy Desert", "DesertSandy"
0x001A2F16, "DesertSandyLife03", "Sandy Desert", "DesertSandy"
0x001A540B, "DesertRockyNoLife03", "Rocky Desert", "DesertRocky"
0x001A540D, "DesertRockyNoLife05", "Rocky Desert", "DesertRocky"
0x001A540E, "DesertRockyLife04", "Rocky Desert", "DesertRocky"
0x001A540F, "DesertRockyLife05", "Rocky Desert", "DesertRocky"
0x001A5410, "DesertRockyNoLife04", "Rocky Desert", "DesertRocky"
0x001C068A, "FrozenLifeRedMile", "Frozen Plains", "Frozen"
0x001CBD6A, "ForestDeciduousLifeJemison", "Deciduous Forest", "ForestDeciduous"
0x001D1D92, "DesertRockyNoLife02", "Rocky Desert", "DesertRocky"
0x001DDF39, "CrateredNoLifeLuna", "Craters", "Cratered"
0x001DFDD1, "MountainsNoLife14", "Mountains", "Mountains"
0x001DFDFB, "MountainsNoLife13", "Mountains", "Mountains"
0x001DFDFC, "VolcanicWornLife08", "Volcanic", "VolcanicWorn"
0x001DFDFD, "VolcanicWornLife07", "Volcanic", "VolcanicWorn"
0x001DFDFE, "VolcanicWornLife09", "Volcanic", "VolcanicWorn"
0x001DFDFF, "VolcanicWornLife10", "Volcanic", "VolcanicWorn"
0x001DFE01, "VolcanicWornNoLife08", "Volcanic", "VolcanicWorn"
0x001DFE02, "VolcanicWornNoLife09", "Volcanic", "VolcanicWorn"
0x001DFE03, "VolcanicWornNoLife10", "Volcanic", "VolcanicWorn"
0x001DFE04, "MountainsNoLife15", "Mountains", "Mountains"
0x001DFE05, "MountainsLife13", "Mountains", "Mountains"
0x001DFE06, "MountainsLife14", "Mountains", "Mountains"
0x001DFE07, "MountainsLife15", "Mountains", "Mountains"
0x00203E9F, "ForestConiferousLife13", "Coniferous Forest", "ForestConiferous"
0x00203EA1, "SavannaLifeAkila", "Savanna", "Savanna"
0x0020D0F3, "ForestTropicalLife06", "Tropical Forest", "ForestTropical"
0x0020E381, "ForestTropicalLife05", "Tropical Forest", "ForestTropical"
0x0021040C, "VolcanicRoughLifeExtreme", "Volcanic", "Extreme"
0x0021040D, "CrateredLifeExtreme", "Craters", "Extreme"
0x0021040E, "MountainsLifeExtreme", "Mountains", "Extreme"
0x00211529, "CanyonsNoLife03", "Plateau", "Canyons"
0x00211C5F, "ForestTropicalLife04", "Tropical Forest", "ForestTropical"
0x00212131, "HillsLife07", "Hills", "Hills"
0x00212132, "HillsLife06", "Hills", "Hills"
0x00212941, "HillsNoLife02", "Hills", "Hills"
0x00214810, "HillsLife08", "Hills", "Hills"
0x00214968, "CanyonsLife02", "Plateau", "Canyons"
0x00214969, "HillsLife05", "Hills", "Hills"
0x00214F1A, "HillsLife04", "Hills", "Hills"
0x00215097, "HillsLife03", "Hills", "Hills"
0x00215098, "HillsLife02", "Hills", "Hills"
0x00215CC1, "CrateredLife02", "Craters", "Cratered"
0x00215CC2, "CrateredNoLife04", "Craters", "Cratered"
0x00215CC3, "CrateredLife01", "Craters", "Cratered"
0x0021615C, "CrateredNoLifeVectera", "Craters", ""
0x00216D44, "CrateredNoLife02", "Craters", "Cratered"
0x00216D45, "CanyonsNoLife02", "Plateau", "Canyons"
0x00236EA3, "ArchipelagoLifeMarcoGraziani", "Swamp", "Archipelago"
0x0023C0CE, "MountainsLifeKreet", "Mountains", ""
0x0025D992, "CanyonsNoLife01", "Plateau", "Canyons"
0x0025D993, "CanyonsLife01", "Plateau", "Canyons"
0x0025F375, "ForestTropicalLife03", "Tropical Forest", "ForestTropical"
0x0025F387, "ForestTropicalLife02", "Tropical Forest", "ForestTropical"
0x0025F48B, "HillsNoLife01", "Hills", "Hills"
0x0025F48C, "HillsLife01", "Hills", "Hills"
0x0025F490, "CrateredNoLife01", "Craters", "Cratered"
0x0025FC04, "ForestTropicalLife01", "Tropical Forest", "ForestTropical"
0x002636B9, "MountainsLife04", "Mountains", "Mountains"
0x002636BA, "MountainsLife03", "Mountains", "Mountains"
0x002636BB, "MountainsNoLife04", "Mountains", "Mountains"
0x002636BC, "MountainsNoLife03", "Mountains", "Mountains"
0x00263FE4, "VolcanicWornLife03", "Volcanic", "VolcanicWorn"
0x00263FE5, "VolcanicWornLife02", "Volcanic", "VolcanicWorn"
0x00263FE6, "VolcanicWornLife01", "Volcanic", "VolcanicWorn"
0x00263FE7, "VolcanicWornNoLife01", "Volcanic", "VolcanicWorn"
0x00263FE8, "ForestDeciduousLife04", "Deciduous Forest", "ForestDeciduous"
0x0026893C, "MountainsNoLife02", "Mountains", "Mountains"
0x0026893D, "MountainsNoLife01", "Mountains", "Mountains"
0x0026B3F2, "MountainsLife02", "Mountains", "Mountains"
0x0026BB6A, "MountainsLife01", "Mountains", "Mountains"
0x00285AF8, "VolcanicWornLifeExtreme", "Volcanic", "Extreme"
0x00285AF9, "CanyonsLifeExtreme", "Plateau", "Extreme"
0x00285AFA, "FrozenLifeExtreme", "Frozen Hills", "Extreme"
0x00285AFB, "DesertRockyLifeExtreme", "Rocky Desert", "Extreme"
0x00285AFC, "HillsLifeExtreme", "Hills", "Extreme"
0x00285AFD, "DesertSandyLifeExtreme", "Sandy Desert", "Extreme"
0x0028791F, "FrozenNoLifeEarth", "Frozen Plains", "Frozen"
0x0028ACD0, "ForestDeciduousLife02", "Deciduous Forest", "ForestDeciduous"
0x0028ACD1, "ForestDeciduousLife03", "Deciduous Forest", "ForestDeciduous"
0x00294332, "ForestConiferousLife04", "Coniferous Forest", "ForestConiferous"
0x00294333, "ForestConiferousLife02", "Coniferous Forest", "ForestConiferous"
0x00294334, "ForestConiferousLife03", "Coniferous Forest", "ForestConiferous"
0x0029434E, "ForestConiferousLife01", "Coniferous Forest", "ForestConiferous"
0x0029B450, "SavannaLife02", "Savanna", "Savanna"
0x002A3777, "DesertRockyNoLifeMars", "Rocky Desert", "DesertRocky"
0x002ACD5A, "DesertRockyLife01", "Rocky Desert", "DesertRocky"
0x002ACD5B, "DesertSandyLife01", "Sandy Desert", "DesertSandy"
0x002B6352, "SavannaLife03", "Savanna", "Savanna"
0x002C17A5, "SavannaLife04", "Savanna", "Savanna"
0x002C9984, "VolcanicRoughLife03", "Volcanic", "VolcanicRough"
0x002C9985, "VolcanicRoughLifeKreet", "Volcanic", "VolcanicRough"
0x002C9986, "VolcanicRoughLife01", "Volcanic", "VolcanicRough"
0x002C998A, "VolcanicRoughNoLife01", "Volcanic", "VolcanicRough"
0x002C998C, "SavannaLife01", "Savanna", "Savanna"
0x002C998D, "DesertSandyNoLife02", "Sandy Desert", "DesertSandy"
0x002C998E, "DesertRockyLife03", "Rocky Desert", "DesertRocky"
0x002CE505, "ForestDeciduousLife01", "Deciduous Forest", "ForestDeciduous"
0x002CE506, "DesertSandyLife02", "Sandy Desert", "DesertSandy"
0x002CE507, "DesertSandyNoLife01", "Sandy Desert", "DesertSandy"
0x002CE508, "DesertRockyLife02", "Rocky Desert", "DesertRocky"
0x002CE509, "DesertRockyNoLifeVectera", "Rocky Desert", "DesertRocky"
0x002DCDD4, "DesertSandyLife12", "Sandy Desert", "DesertSandy"
0x002DEAC4, "ForestDeciduousLifePlayerHouse", "Deciduous Forest", "ForestDeciduous"
0x002E54C9, "ArchipelagoLife11", "Swamp", "Archipelago"
0x002E57E0, "WetlandsNoLife01", "Wetlands", "Wetlands"
0x002E57E1, "WetlandsNoLife02", "Wetlands", "Wetlands"
0x002E57E2, "WetlandsNoLife03", "Wetlands", "Wetlands"
0x002E57E3, "WetlandsNoLife04", "Wetlands", "Wetlands"
0x002E57E4, "WetlandsNoLife05", "Wetlands Frozen", "Wetlands"
0x002E57E5, "WetlandsNoLife06", "Wetlands", "Wetlands"
0x00336CC7, "DesertSandyNoLife11", "Sandy Desert", "DesertSandy"
0x0034980C, "HillsLife15", "Hills", "Hills"
0x003D673C, "HillsLife19", "Hills", "Hills"
0x003D673D, "HillsLife20", "Hills", "Hills"
0x003D673E, "HillsLife21", "Hills", "Hills"
0x003D673F, "HillsLife22", "Hills", "Hills"
0x003D6740, "HillsLife23", "Hills", "Hills"
0x003D6741, "HillsLife24", "Hills", "Hills"
0x003D6742, "HillsLife25", "Hills", "Hills"
0x003E3ADD, "SavannaLifeMontaraLuna", "Savanna", "Savanna"
0x003E3ADE, "SavannaLife17", "Savanna", "Savanna"
0x003E3ADF, "SavannaLife18", "Savanna", "Savanna"
0x003E3AE0, "SavannaLife19", "Savanna", "Savanna"
0x003E3AE1, "SavannaLife20", "Savanna", "Savanna"
0x003E5E43, "WetlandsLife11", "Wetlands", "Wetlands"
0x003EA2FA, "CrateredLife09", "Craters", "Cratered"
0x003EA2FB, "CrateredLife10", "Craters", "Cratered"
0x003EA2FC, "CrateredLife07", "Craters", "Cratered"
0x003EA2FD, "CrateredLife08", "Craters", "Cratered"
0x003FA120, "WetlandsLife12", "Wetlands", "Wetlands"
0x003FA121, "WetlandsLife13", "Wetlands", "Wetlands"
