FormID, EditorID, Full, Short, FNAM, Nam1, Nam2, Nam3, SNAM, TINC, CNAM
0x000057C1,"ResInorgCommonLead","Lead","Pb","0x0025232D","0x0005EF21","0x0005EF54","0x0005ED87","0x00000000","0x00544F44","0x000057C3"
0x000057C2,"ResInorgExoticDysprosium","Dysprosium","Dy","0x00253280","0x0005EF3C","0x0005EF72","0x0005EF40","0x00000003","0x00B8A374","0x00000000"
0x000057C3,"ResInorgUncommonSilver","Silver","Ag","0x0025327E","0x0005EF31","0x0005EF64","0x0005EF3F","0x00000001","0x006D737E","0x0027C499"
0x000057C4,"ResInorgUncommonTungsten","Tungsten","W","0x00253278","0x0005EF36","0x0005EF6A","0x0005EF3F","0x00000001","0x00756C59","0x000057C6"
0x000057C6,"ResInorgRareTitanium","Titanium","Ti","0x0025326D","0x0005EF35","0x0005EF69","0x0005EF3E","0x00000002","0x00948769","0x000057C2"
0x000057C7,"ResInorgCommonIron","Iron","Fe","0x0025325D","0x0005EF18","0x0005EF53","0x0005ED87","0x00000000","0x003A4075","0x000057C8"
0x000057C8,"ResInorgRareTantalum","Tantalum","Ta","0x0025327C","0x0005EF23","0x0005EF56","0x0005EF3E","0x00000002","0x005F5DBD","0x00000000"
0x000057C9,"ResInorgUncommonAlkanes_G","Alkanes","HnCn","0x00253270","0x0005EF10","0x0005EF42","0x0005EF3F","0x00000001","0x00544BA1","0x00000000"
0x000057CA,"ResInorgExoticYtterbium","Ytterbium","Yb","0x0025326F","0x0005EF3B","0x0005EF71","0x0005EF40","0x00000003","0x006A82D4","0x00005DF1"
0x000057CB,"ResInorgCommonNickel","Nickel","Ni","0x0025325F","0x0005EF27","0x0005EF5A","0x0005ED87","0x00000000","0x0021445F","0x000057CE"
0x000057CC,"ResInorgRarePlatinum","Platinum","Pt","0x0025327D","0x0005EF2D","0x0005EF60","0x0005EF3E","0x00000002","0x00A87149","0x00000000"
0x000057CD,"ResInorgExoticPalladium","Palladium","Pd","0x00253276","0x0005EF2B","0x0005EF5E","0x0005EF40","0x00000003","0x003CA2D9","0x00005DF6"
0x000057CE,"ResInorgUncommonCobalt","Cobalt","Co","0x00253269","0x0005EF1D","0x0005EF50","0x0005EF3F","0x00000001","0x008C5833","0x000057CC"
0x000057CF,"ResInorgCommonCopper","Copper","Cu","0x0025325B","0x0005EF75","0x0005EF4B","0x0005ED87","0x00000000","0x00495527","0x000057D0"
0x000057D0,"ResInorgUncommonFluorine_G","Fluorine","F","0x0025327A","0x0005EF77","0x0005EF4D","0x0005EF3F","0x00000001","0x0069782F","0x000057D1"
0x000057D1,"ResInorgRareTetrafluorides_G","Tetrafluorides","xF4","0x00253275","0x0005EF29","0x0005EF5C","0x0005EF3E","0x00000002","0x008BA037","0x000057D4"
0x000057D2,"ResInorgRareGold","Gold","Au","0x00253271","0x0005EF78","0x0005EF4E","0x0005EF3E","0x00000002","0x004E9EC7","0x000057D3"
0x000057D3,"ResInorgExoticAntimony","Antimony","Sb","0x00253265","0x0005EF13","0x0005EF45","0x0005EF40","0x00000003","0x005BBFDB","0x00000000"
0x000057D4,"ResInorgExoticIonicLiquids_L","Ionic Liquids","IL","0x0025326A","0x0005EF20","0x0005EF52","0x0005EF40","0x00000003","0x00BBD74C","0x00000000"
0x000057D5,"ResInorgCommonChlorine_G","Chlorine","Cl","0x0025325A","0x0005EF74","0x0005EF4A","0x0005ED87","0x00000000","0x00574A42","0x000057D7"
0x000057D6,"ResInorgCommonAluminum","Aluminum","Al","0x00253259","0x0005EF12","0x0005EF44","0x0005ED87","0x00000000","0x00494A34","0x000057D8"
0x000057D7,"ResInorgUncommonChlorosilanes_L","Chlorosilanes","SiH3Cl","0x00253279","0x0005EF1B","0x0005EF48","0x0005EF3F","0x00000001","0x00935D4E","0x000057DA"
0x000057D8,"ResInorgUncommonBeryllium","Beryllium","Be","0x0025232A","0x0005EF1A","0x0005EF47","0x0005EF3F","0x00000001","0x00646739","0x00000000"
0x000057DA,"ResInorgRareLithium","Lithium","Li","0x00253272","0x0005EF22","0x0005EF55","0x0005EF3E","0x00000002","0x00CB745A","0x000057DC"
0x000057DB,"ResInorgRareNeodymium","Neodymium","Nd","0x00253273","0x0005EF25","0x0005EF58","0x0005EF3E","0x00000002","0x00979A6A","0x000057E2"
0x000057DC,"ResInorgExoticXenon_G","Xenon","Xe","0x0025326E","0x0005EF3A","0x0005EF70","0x0005EF40","0x00000003","0x00FF9884","0x00000000"
0x000057E0,"ResInorgExoticCaesium_L","Caesium","Cs","0x00253267","0x0005EF1C","0x0005EF49","0x0005EF40","0x00000003","0x00FF848A","0x00005DF5"
0x000057E2,"ResInorgExoticEuropium","Europium","Eu","0x00253268","0x0005EF76","0x0005EF4C","0x0005EF40","0x00000003","0x00CDD09F","0x0004BA38"
0x000057E7,"ResInorgUncommonBenzene_G","Benzene","C6Hn","0x00253262","0x0005EF32","0x0005EF66","0x0005ED87","0x00000001","0x00805F2B","0x000057E8"
0x000057E8,"ResInorgRareCarboxylicAcids_L","Carboxylic Acids","R-COOH","0x0025327F","0x0027D0A1","0x0005EF67","0x0005EF3E","0x00000002","0x009C7B3A","0x000057E9"
0x000057E9,"ResInorgExoticNeon_G","Neon","Ne","0x00253274","0x0005EF26","0x0005EF59","0x0005EF3E","0x00000003","0x00BEA12A","0x00005DF7"
0x000057EA,"ResInorgCommonArgon_G","Argon","Ar","0x00253266","0x0005EF16","0x0005EF46","0x0005EF3F","0x00000000","0x00664B22","0x000057E7"
0x000057EB,"ResInorgCommonUranium","Uranium","U","0x00253263","0x0005EF37","0x0005EF6B","0x0005ED87","0x00000000","0x000F494A","0x000057EC"
0x000057EC,"ResInorgUncommonIridium","Iridium","Ir","0x00253281","0x0005EF3D","0x0005EF73","0x0005EF3F","0x00000001","0x00296E70","0x00000000"
0x000057ED,"ResInorgRareVanadium","Vanadium","V","0x00253277","0x0005EF2F","0x0005EF62","0x0005EF3E","0x00000002","0x00338E8E","0x00000000"
0x000057EE,"ResInorgExoticPlutonium","Plutonium","Pu","0x0025326C","0x0005EF2E","0x0005EF61","0x0005EF40","0x00000003","0x0040B8B8","0x00005DF8"
0x000057F5,"ResInorgCommonHelium3_G","Helium-3","He-3","0x0025325C","0x0005ED85","0x0005ED88","0x0005ED87","0x00000005","0x006BB27A","0x00000000"
0x00005DF1,"ResInorgUniqueRothicite","Rothicite","Rc","0x00253284","0x0005EF30","0x0005EF63","0x0005EF40","0x00000004","0x007593FC","0x00000000"
0x00005DF5,"ResInorgUniqueAldumite","Aldumite","Ad","0x00253282","0x0005EF11","0x0005EF43","0x0005EF40","0x00000004","0x00FF8CBA","0x00000000"
0x00005DF6,"ResInorgUniqueTasine_L","Tasine","Tsn","0x00253285","0x0005EF34","0x0005EF68","0x0005EF40","0x00000004","0x004CDCFB","0x00000000"
0x00005DF7,"ResInorgUniqueVeryl_G","Veryl","Vr","0x00253286","0x0005EF38","0x0005EF6C","0x0005EF41","0x00000004","0x00E6D627","0x00000000"
0x00005DF8,"ResInorgUniqueVytinium","Vytinium","Vy","0x00253287","0x0005EF39","0x0005EF6D","0x0005EF41","0x00000004","0x0056EDED","0x00000000"
0x00006529,"ResInorgUniqueAqueousHematite","Aqueous Hematite","Aq","0x003157B5","0x00006527","0x00006528","0x0005EF40","0x00000004","0x00424BFB","0x00000000"
0x000083EC,"ResInorgCommonWater_L","Water","H2O","0x00253264","0x0005EF1E","0x0005EF6E","0x0005ED87","0x00000006","0x009EA46D","0x00000000"
0x0003F000,"ResCraftingGenericDescription","","","0x00000000","0x00000000","0x00000000","0x00000000","0x00000000","0x00000000","0x00000000"
0x0004BA38,"ResInorgUniqueIndicite","Indicite","Ie","0x00253283","0x0005EF1F","0x0005EF51","0x0005EF40","0x00000004","0x00FFFFD7","0x00000000"
0x000777E6,"ResOrgCommonNutrient","Nutrient","","0x00000000","0x002AC11B","0x002AC0FC","0x0005ED87","0x00000000","0x00DBE4A1","0x00000000"
0x000777F8,"ResOrgUncommonCosmetic","Cosmetic","","0x00000000","0x002AC10C","0x002AC0FD","0x0005EF3F","0x00000001","0x00DBE4A1","0x00000000"
0x000777F9,"ResOrgExoticLubricant","Lubricant","","0x00000000","0x002AC117","0x002AC0F8","0x0005EF40","0x00000003","0x00DBE4A1","0x00000000"
0x000777FA,"ResOrgCommonStructural","Structural","","0x00000000","0x002AC10E","0x002AC0EC","0x0005EF3F","0x00000000","0x00DBE4A1","0x00000000"
0x000777FB,"ResOrgRareAromatic","Aromatic","","0x00000000","0x002AC10D","0x002AC0FF","0x0005EF3E","0x00000002","0x00DBE4A1","0x00000000"
0x000777FC,"ResOrgUniqueHighTensileSpidrion","High-Tensile Spidroin","","0x00000000","0x002AC108","0x002AC100","0x0005EF41","0x00000000","0x00DBE4A1","0x00000000"
0x00077820,"ResOrgUncommonAntimicrobial","Antimicrobial","","0x00000000","0x002AC11C","0x002AC101","0x0005ED87","0x00000001","0x00DBE4A1","0x00000000"
0x00077821,"ResOrgCommonFiber","Fiber","","0x00000000","0x002AC11A","0x002AC0FB","0x0005ED87","0x00000000","0x00DBE4A1","0x00000000"
0x00077822,"ResOrgUncommonOrnamental","Ornamental","","0x00000000","0x002AC119","0x002AC0F2","0x0005ED87","0x00000001","0x00DBE4A1","0x00000000"
0x00077823,"ResOrgCommonToxin","Toxin","","0x00000000","0x002AC118","0x002AC0EB","0x0005ED87","0x00000000","0x00DBE4A1","0x00000000"
0x00077824,"ResOrgExoticBiosuppressant","Biosuppressant","","0x00000000","0x0029F40A","0x002AC0F4","0x0005EF40","0x00000003","0x00DBE4A1","0x00000000"
0x00077825,"ResOrgExoticStimulant","Stimulant","","0x00000000","0x002AC115","0x002AC0F3","0x0005EF40","0x00000003","0x00DBE4A1","0x00000000"
0x00077826,"ResOrgExoticPolymer","Polymer","","0x00000000","0x002AC114","0x002AC0F1","0x0005EF40","0x00000003","0x00DBE4A1","0x00000000"
0x00077827,"ResOrgExoticSolvent","Solvent","","0x00000000","0x002AC113","0x002AC0EE","0x0005EF40","0x00000003","0x00DBE4A1","0x00000000"
0x00077828,"ResOrgRareAdhesive","Adhesive","","0x00000000","0x002AC112","0x002AC103","0x0005EF3E","0x00000002","0x00DBE4A1","0x00000000"
0x00077829,"ResOrgRareAnalgesic","Analgesic","","0x00000000","0x002AC111","0x002AC102","0x0005EF3E","0x00000002","0x00DBE4A1","0x00000000"
0x0007782A,"ResOrgRareAminoAcids","Amino Acids","","0x00000000","0x002AC110","0x002AC0FE","0x0005EF3E","0x00000002","0x00DBE4A1","0x00000000"
0x0007782B,"ResOrgRareSedative","Sedative","","0x00000000","0x002AC10F","0x002AC0EF","0x0005EF3E","0x00000002","0x00DBE4A1","0x00000000"
0x0007782C,"ResOrgUncommonMembrane","Membrane","","0x00000000","0x002AC10B","0x002AC0F6","0x0005EF3F","0x00000001","0x00DBE4A1","0x00000000"
0x0007782D,"ResOrgCommonSealant","Sealant","","0x00000000","0x002AC10A","0x002AC0F0","0x0005EF3F","0x00000000","0x00DBE4A1","0x00000000"
0x0007782E,"ResOrgUncommonSpice","Spice","","0x00000000","0x002AC109","0x002AC0ED","0x0005EF3F","0x00000001","0x00DBE4A1","0x00000000"
0x0007782F,"ResOrgUniqueGastronomic","Gastro Delight","","0x00000000","0x002AC107","0x002AC0FA","0x0005EF41","0x00000000","0x00DBE4A1","0x00000000"
0x00077830,"ResOrgUniqueImmunostimulant","Immunostimulant","","0x00000000","0x002AC106","0x002AC0F9","0x0005EF41","0x00000000","0x00DBE4A1","0x00000000"
0x00077831,"ResOrgUniqueLuxuryTextile","Luxury Textile","","0x00000000","0x002AC105","0x002AC0F7","0x0005EF41","0x00000000","0x00DBE4A1","0x00000000"
0x00077832,"ResOrgUniqueMemorySubstrate","Memory Substrate","","0x00000000","0x002AC104","0x002AC0F5","0x0005EF41","0x00000000","0x00DBE4A1","0x00000000"
0x00122EB9,"ResLegendaryTissues","Quark-D. Tissues","QDG","0x00000000","0x00000000","0x00000000","0x00000000","0x00000003","0x00D200FF","0x00000000"
0x0012C5AA,"MQArmillaryResource","Armillary","","0x00000000","0x001F36BF","0x00000000","0x00000000","0x00000000","0x004A423B","0x00000000"
0x001FA849,"ResMissionSupplyNeed108","Supply Need 108","","0x00000000","0x001FA8B4","0x001FA921","0x0005ED87","0x00000000","0x004A423B","0x00000000"
0x001FA84A,"ResMissionSupplyNeed107","Supply Need 107","","0x00000000","0x001FA8B5","0x001FA922","0x0005ED87","0x00000000","0x004A423B","0x00000000"
0x001FA84B,"ResMissionSupplyNeed106","Supply Need 106","","0x00000000","0x001FA8B6","0x001FA923","0x0005ED87","0x00000000","0x004A423B","0x00000000"
0x001FA84C,"ResMissionSupplyNeed105","Supply Need 105","","0x00000000","0x001FA8B7","0x001FA924","0x0005ED87","0x00000000","0x004A423B","0x00000000"
0x001FA84D,"ResMissionSupplyNeed104","Supply Need 104","","0x00000000","0x001FA8B8","0x001FA925","0x0005ED87","0x00000000","0x004A423B","0x00000000"
0x001FA84E,"ResMissionSupplyNeed103","Supply Need 103","","0x00000000","0x001FA8B9","0x001FA926","0x0005ED87","0x00000000","0x004A423B","0x00000000"
0x001FA84F,"ResMissionSupplyNeed102","Supply Need 102","","0x00000000","0x001FA8BA","0x001FA927","0x0005ED87","0x00000000","0x004A423B","0x00000000"
0x001FA850,"ResMissionSupplyNeed101","Supply Need 101","","0x00000000","0x001FA8BB","0x001FA928","0x0005ED87","0x00000000","0x004A423B","0x00000000"
0x001FA851,"ResMissionSupplyNeed100","Supply Need 100","","0x00000000","0x001FA8BC","0x001FA929","0x0005ED87","0x00000000","0x004A423B","0x00000000"
0x001FA852,"ResMissionSupplyNeed099","Supply Need 99","","0x00000000","0x001FA8BD","0x001FA92A","0x0005ED87","0x00000000","0x004A423B","0x00000000"
0x001FA853,"ResMissionSupplyNeed098","Supply Need 98","","0x00000000","0x001FA8BE","0x001FA92B","0x0005ED87","0x00000000","0x004A423B","0x00000000"
0x001FA854,"ResMissionSupplyNeed097","Supply Need 97","","0x00000000","0x001FA8BF","0x001FA92C","0x0005ED87","0x00000000","0x004A423B","0x00000000"
0x001FA855,"ResMissionSupplyNeed096","Supply Need 96","","0x00000000","0x001FA8C0","0x001FA92D","0x0005ED87","0x00000000","0x004A423B","0x00000000"
0x001FA856,"ResMissionSupplyNeed095","Supply Need 95","","0x00000000","0x001FA8C1","0x001FA92E","0x0005ED87","0x00000000","0x004A423B","0x00000000"
0x001FA857,"ResMissionSupplyNeed094","Supply Need 94","","0x00000000","0x001FA8C2","0x001FA92F","0x0005ED87","0x00000000","0x004A423B","0x00000000"
0x001FA858,"ResMissionSupplyNeed093","Supply Need 93","","0x00000000","0x001FA8C3","0x001FA930","0x0005ED87","0x00000000","0x004A423B","0x00000000"
0x001FA859,"ResMissionSupplyNeed092","Supply Need 92","","0x00000000","0x001FA8C4","0x001FA931","0x0005ED87","0x00000000","0x004A423B","0x00000000"
0x001FA85A,"ResMissionSupplyNeed091","Supply Need 91","","0x00000000","0x001FA8C5","0x001FA932","0x0005ED87","0x00000000","0x004A423B","0x00000000"
0x001FA85B,"ResMissionSupplyNeed090","Supply Need 90","","0x00000000","0x001FA8C6","0x001FA933","0x0005ED87","0x00000000","0x004A423B","0x00000000"
0x001FA85C,"ResMissionSupplyNeed089","Supply Need 89","","0x00000000","0x001FA8C7","0x001FA934","0x0005ED87","0x00000000","0x004A423B","0x00000000"
0x001FA85D,"ResMissionSupplyNeed088","Supply Need 88","","0x00000000","0x001FA8C8","0x001FA935","0x0005ED87","0x00000000","0x004A423B","0x00000000"
0x001FA85E,"ResMissionSupplyNeed087","Supply Need 87","","0x00000000","0x001FA8C9","0x001FA936","0x0005ED87","0x00000000","0x004A423B","0x00000000"
0x001FA85F,"ResMissionSupplyNeed086","Supply Need 86","","0x00000000","0x001FA8CA","0x001FA937","0x0005ED87","0x00000000","0x004A423B","0x00000000"
0x001FA860,"ResMissionSupplyNeed085","Supply Need 85","","0x00000000","0x001FA8CB","0x001FA938","0x0005ED87","0x00000000","0x004A423B","0x00000000"
0x001FA861,"ResMissionSupplyNeed084","Supply Need 84","","0x00000000","0x001FA8CC","0x001FA939","0x0005ED87","0x00000000","0x004A423B","0x00000000"
0x001FA862,"ResMissionSupplyNeed083","Supply Need 83","","0x00000000","0x001FA8CD","0x001FA93A","0x0005ED87","0x00000000","0x004A423B","0x00000000"
0x001FA863,"ResMissionSupplyNeed082","Supply Need 82","","0x00000000","0x001FA8CE","0x001FA93B","0x0005ED87","0x00000000","0x004A423B","0x00000000"
0x001FA864,"ResMissionSupplyNeed081","Supply Need 81","","0x00000000","0x001FA8CF","0x001FA93C","0x0005ED87","0x00000000","0x004A423B","0x00000000"
0x001FA865,"ResMissionSupplyNeed080","Supply Need 80","","0x00000000","0x001FA8D0","0x001FA93D","0x0005ED87","0x00000000","0x004A423B","0x00000000"
0x001FA866,"ResMissionSupplyNeed079","Supply Need 79","","0x00000000","0x001FA8D1","0x001FA93E","0x0005ED87","0x00000000","0x004A423B","0x00000000"
0x001FA867,"ResMissionSupplyNeed078","Supply Need 78","","0x00000000","0x001FA8D2","0x001FA93F","0x0005ED87","0x00000000","0x004A423B","0x00000000"
0x001FA868,"ResMissionSupplyNeed077","Supply Need 77","","0x00000000","0x001FA8D3","0x001FA940","0x0005ED87","0x00000000","0x004A423B","0x00000000"
0x001FA869,"ResMissionSupplyNeed076","Supply Need 76","","0x00000000","0x001FA8D4","0x001FA941","0x0005ED87","0x00000000","0x004A423B","0x00000000"
0x001FA86A,"ResMissionSupplyNeed075","Supply Need 75","","0x00000000","0x001FA8D5","0x001FA942","0x0005ED87","0x00000000","0x004A423B","0x00000000"
0x001FA86B,"ResMissionSupplyNeed074","Supply Need 74","","0x00000000","0x001FA8D6","0x001FA943","0x0005ED87","0x00000000","0x004A423B","0x00000000"
0x001FA86C,"ResMissionSupplyNeed073","Supply Need 73","","0x00000000","0x001FA8D7","0x001FA944","0x0005ED87","0x00000000","0x004A423B","0x00000000"
0x001FA86D,"ResMissionSupplyNeed072","Supply Need 72","","0x00000000","0x001FA8D8","0x001FA945","0x0005ED87","0x00000000","0x004A423B","0x00000000"
0x001FA86E,"ResMissionSupplyNeed071","Supply Need 71","","0x00000000","0x001FA8D9","0x001FA946","0x0005ED87","0x00000000","0x004A423B","0x00000000"
0x001FA86F,"ResMissionSupplyNeed070","Supply Need 70","","0x00000000","0x001FA8DA","0x001FA947","0x0005ED87","0x00000000","0x004A423B","0x00000000"
0x001FA870,"ResMissionSupplyNeed069","Supply Need 69","","0x00000000","0x001FA8DB","0x001FA948","0x0005ED87","0x00000000","0x004A423B","0x00000000"
0x001FA871,"ResMissionSupplyNeed068","Supply Need 68","","0x00000000","0x001FA8DC","0x001FA949","0x0005ED87","0x00000000","0x004A423B","0x00000000"
0x001FA872,"ResMissionSupplyNeed067","Supply Need 67","","0x00000000","0x001FA8DD","0x001FA94A","0x0005ED87","0x00000000","0x004A423B","0x00000000"
0x001FA873,"ResMissionSupplyNeed066","Supply Need 66","","0x00000000","0x001FA8DE","0x001FA94B","0x0005ED87","0x00000000","0x004A423B","0x00000000"
0x001FA874,"ResMissionSupplyNeed065","Supply Need 65","","0x00000000","0x001FA8DF","0x001FA94C","0x0005ED87","0x00000000","0x004A423B","0x00000000"
0x001FA875,"ResMissionSupplyNeed064","Supply Need 64","","0x00000000","0x001FA8E0","0x001FA94D","0x0005ED87","0x00000000","0x004A423B","0x00000000"
0x001FA876,"ResMissionSupplyNeed063","Supply Need 63","","0x00000000","0x001FA8E1","0x001FA94E","0x0005ED87","0x00000000","0x004A423B","0x00000000"
0x001FA877,"ResMissionSupplyNeed062","Supply Need 62","","0x00000000","0x001FA8E2","0x001FA94F","0x0005ED87","0x00000000","0x004A423B","0x00000000"
0x001FA878,"ResMissionSupplyNeed061","Supply Need 61","","0x00000000","0x001FA8E3","0x001FA950","0x0005ED87","0x00000000","0x004A423B","0x00000000"
0x001FA879,"ResMissionSupplyNeed060","Supply Need 60","","0x00000000","0x001FA8E4","0x001FA951","0x0005ED87","0x00000000","0x004A423B","0x00000000"
0x001FA87A,"ResMissionSupplyNeed059","Supply Need 59","","0x00000000","0x001FA8E5","0x001FA952","0x0005ED87","0x00000000","0x004A423B","0x00000000"
0x001FA87B,"ResMissionSupplyNeed058","Supply Need 58","","0x00000000","0x001FA8E6","0x001FA953","0x0005ED87","0x00000000","0x004A423B","0x00000000"
0x001FA87C,"ResMissionSupplyNeed057","Supply Need 57","","0x00000000","0x001FA8E7","0x001FA954","0x0005ED87","0x00000000","0x004A423B","0x00000000"
0x001FA87D,"ResMissionSupplyNeed056","Supply Need 56","","0x00000000","0x001FA8E8","0x001FA955","0x0005ED87","0x00000000","0x004A423B","0x00000000"
0x001FA87E,"ResMissionSupplyNeed055","Supply Need 55","","0x00000000","0x001FA8E9","0x001FA956","0x0005ED87","0x00000000","0x004A423B","0x00000000"
0x001FA87F,"ResMissionSupplyNeed054","Supply Need 54","","0x00000000","0x001FA8EA","0x001FA957","0x0005ED87","0x00000000","0x004A423B","0x00000000"
0x001FA880,"ResMissionSupplyNeed053","Supply Need 53","","0x00000000","0x001FA8EB","0x001FA958","0x0005ED87","0x00000000","0x004A423B","0x00000000"
0x001FA881,"ResMissionSupplyNeed052","Supply Need 52","","0x00000000","0x001FA8EC","0x001FA959","0x0005ED87","0x00000000","0x004A423B","0x00000000"
0x001FA882,"ResMissionSupplyNeed051","Supply Need 51","","0x00000000","0x001FA8ED","0x001FA95A","0x0005ED87","0x00000000","0x004A423B","0x00000000"
0x001FA883,"ResMissionSupplyNeed050","Supply Need 50","","0x00000000","0x001FA8EE","0x001FA95B","0x0005ED87","0x00000000","0x004A423B","0x00000000"
0x001FA884,"ResMissionSupplyNeed049","Supply Need 49","","0x00000000","0x001FA8EF","0x001FA95C","0x0005ED87","0x00000000","0x004A423B","0x00000000"
0x001FA885,"ResMissionSupplyNeed048","Supply Need 48","","0x00000000","0x001FA8F0","0x001FA95D","0x0005ED87","0x00000000","0x004A423B","0x00000000"
0x001FA886,"ResMissionSupplyNeed047","Supply Need 47","","0x00000000","0x001FA8F1","0x001FA95E","0x0005ED87","0x00000000","0x004A423B","0x00000000"
0x001FA887,"ResMissionSupplyNeed046","Supply Need 46","","0x00000000","0x001FA8F2","0x001FA95F","0x0005ED87","0x00000000","0x004A423B","0x00000000"
0x001FA888,"ResMissionSupplyNeed045","Supply Need 45","","0x00000000","0x001FA8F3","0x001FA960","0x0005ED87","0x00000000","0x004A423B","0x00000000"
0x001FA889,"ResMissionSupplyNeed044","Supply Need 44","","0x00000000","0x001FA8F4","0x001FA961","0x0005ED87","0x00000000","0x004A423B","0x00000000"
0x001FA88A,"ResMissionSupplyNeed043","Supply Need 43","","0x00000000","0x001FA8F5","0x001FA962","0x0005ED87","0x00000000","0x004A423B","0x00000000"
0x001FA88B,"ResMissionSupplyNeed042","Supply Need 42","","0x00000000","0x001FA8F6","0x001FA963","0x0005ED87","0x00000000","0x004A423B","0x00000000"
0x001FA88C,"ResMissionSupplyNeed041","Supply Need 41","","0x00000000","0x001FA8F7","0x001FA964","0x0005ED87","0x00000000","0x004A423B","0x00000000"
0x001FA88D,"ResMissionSupplyNeed040","Supply Need 40","","0x00000000","0x001FA8F8","0x001FA965","0x0005ED87","0x00000000","0x004A423B","0x00000000"
0x001FA88E,"ResMissionSupplyNeed039","Supply Need 39","","0x00000000","0x001FA8F9","0x001FA966","0x0005ED87","0x00000000","0x004A423B","0x00000000"
0x001FA88F,"ResMissionSupplyNeed038","Supply Need 38","","0x00000000","0x001FA8FA","0x001FA967","0x0005ED87","0x00000000","0x004A423B","0x00000000"
0x001FA890,"ResMissionSupplyNeed037","Supply Need 37","","0x00000000","0x001FA8FB","0x001FA968","0x0005ED87","0x00000000","0x004A423B","0x00000000"
0x001FA891,"ResMissionSupplyNeed036","Supply Need 36","","0x00000000","0x001FA8FC","0x001FA969","0x0005ED87","0x00000000","0x004A423B","0x00000000"
0x001FA892,"ResMissionSupplyNeed035","Supply Need 35","","0x00000000","0x001FA8FD","0x001FA96A","0x0005ED87","0x00000000","0x004A423B","0x00000000"
0x001FA893,"ResMissionSupplyNeed034","Supply Need 34","","0x00000000","0x001FA8FE","0x001FA96B","0x0005ED87","0x00000000","0x004A423B","0x00000000"
0x001FA894,"ResMissionSupplyNeed033","Supply Need 33","","0x00000000","0x001FA8FF","0x001FA96C","0x0005ED87","0x00000000","0x004A423B","0x00000000"
0x001FA895,"ResMissionSupplyNeed032","Supply Need 32","","0x00000000","0x001FA900","0x001FA96D","0x0005ED87","0x00000000","0x004A423B","0x00000000"
0x001FA896,"ResMissionSupplyNeed031","Supply Need 31","","0x00000000","0x001FA901","0x001FA96E","0x0005ED87","0x00000000","0x004A423B","0x00000000"
0x001FA897,"ResMissionSupplyNeed030","Supply Need 30","","0x00000000","0x001FA902","0x001FA96F","0x0005ED87","0x00000000","0x004A423B","0x00000000"
0x001FA898,"ResMissionSupplyNeed029","Supply Need 29","","0x00000000","0x001FA903","0x001FA970","0x0005ED87","0x00000000","0x004A423B","0x00000000"
0x001FA899,"ResMissionSupplyNeed028","Supply Need 28","","0x00000000","0x001FA904","0x001FA971","0x0005ED87","0x00000000","0x004A423B","0x00000000"
0x001FA89A,"ResMissionSupplyNeed027","Supply Need 27","","0x00000000","0x001FA905","0x001FA972","0x0005ED87","0x00000000","0x004A423B","0x00000000"
0x001FA89B,"ResMissionSupplyNeed026","Supply Need 26","","0x00000000","0x001FA906","0x001FA973","0x0005ED87","0x00000000","0x004A423B","0x00000000"
0x001FA89C,"ResMissionSupplyNeed025","Supply Need 25","","0x00000000","0x001FA907","0x001FA974","0x0005ED87","0x00000000","0x004A423B","0x00000000"
0x001FA89D,"ResMissionSupplyNeed024","Supply Need 24","","0x00000000","0x001FA908","0x001FA975","0x0005ED87","0x00000000","0x004A423B","0x00000000"
0x001FA89E,"ResMissionSupplyNeed023","Supply Need 23","","0x00000000","0x001FA909","0x001FA976","0x0005ED87","0x00000000","0x004A423B","0x00000000"
0x001FA89F,"ResMissionSupplyNeed022","Supply Need 22","","0x00000000","0x001FA90A","0x001FA977","0x0005ED87","0x00000000","0x004A423B","0x00000000"
0x001FA8A0,"ResMissionSupplyNeed021","Supply Need 21","","0x00000000","0x001FA90B","0x001FA978","0x0005ED87","0x00000000","0x004A423B","0x00000000"
0x001FA8A1,"ResMissionSupplyNeed020","Supply Need 20","","0x00000000","0x001FA90C","0x001FA979","0x0005ED87","0x00000000","0x004A423B","0x00000000"
0x001FA8A2,"ResMissionSupplyNeed019","Supply Need 19","","0x00000000","0x001FA90D","0x001FA97A","0x0005ED87","0x00000000","0x004A423B","0x00000000"
0x001FA8A3,"ResMissionSupplyNeed018","Supply Need 18","","0x00000000","0x001FA90E","0x001FA97B","0x0005ED87","0x00000000","0x004A423B","0x00000000"
0x001FA8A4,"ResMissionSupplyNeed017","Supply Need 17","","0x00000000","0x001FA90F","0x001FA97C","0x0005ED87","0x00000000","0x004A423B","0x00000000"
0x001FA8A5,"ResMissionSupplyNeed016","Supply Need 16","","0x00000000","0x001FA910","0x001FA97D","0x0005ED87","0x00000000","0x004A423B","0x00000000"
0x001FA8A6,"ResMissionSupplyNeed015","Supply Need 15","","0x00000000","0x001FA911","0x001FA97E","0x0005ED87","0x00000000","0x004A423B","0x00000000"
0x001FA8A7,"ResMissionSupplyNeed014","Supply Need 14","","0x00000000","0x001FA912","0x001FA97F","0x0005ED87","0x00000000","0x004A423B","0x00000000"
0x001FA8A8,"ResMissionSupplyNeed013","Supply Need 13","","0x00000000","0x001FA913","0x001FA980","0x0005ED87","0x00000000","0x004A423B","0x00000000"
0x001FA8A9,"ResMissionSupplyNeed012","Supply Need 12","","0x00000000","0x001FA914","0x001FA981","0x0005ED87","0x00000000","0x004A423B","0x00000000"
0x001FA8AA,"ResMissionSupplyNeed011","Supply Need 11","","0x00000000","0x001FA915","0x001FA982","0x0005ED87","0x00000000","0x004A423B","0x00000000"
0x001FA8AB,"ResMissionSupplyNeed010","Supply Need 10","","0x00000000","0x001FA916","0x001FA983","0x0005ED87","0x00000000","0x004A423B","0x00000000"
0x001FA8AC,"ResMissionSupplyNeed009","Supply Need 9","","0x00000000","0x001FA917","0x001FA984","0x0005ED87","0x00000000","0x004A423B","0x00000000"
0x001FA8AD,"ResMissionSupplyNeed008","Supply Need 8","","0x00000000","0x001FA918","0x001FA985","0x0005ED87","0x00000000","0x004A423B","0x00000000"
0x001FA8AE,"ResMissionSupplyNeed007","Supply Need 7","","0x00000000","0x001FA919","0x001FA986","0x0005ED87","0x00000000","0x004A423B","0x00000000"
0x001FA8AF,"ResMissionSupplyNeed006","Supply Need 6","","0x00000000","0x001FA91A","0x001FA987","0x0005ED87","0x00000000","0x004A423B","0x00000000"
0x001FA8B0,"ResMissionSupplyNeed005","Supply Need 5","","0x00000000","0x001FA91B","0x001FA988","0x0005ED87","0x00000000","0x004A423B","0x00000000"
0x001FA8B1,"ResMissionSupplyNeed004","Supply Need 4","","0x00000000","0x001FA91C","0x001FA989","0x0005ED87","0x00000000","0x004A423B","0x00000000"
0x001FA8B2,"ResMissionSupplyNeed003","Supply Need 3","","0x00000000","0x001FA91D","0x001FA98A","0x0005ED87","0x00000000","0x004A423B","0x00000000"
0x001FA8B3,"ResMissionSupplyNeed002","Supply Need 2","","0x00000000","0x001FA91E","0x001FA98B","0x0005ED87","0x00000000","0x004A423B","0x00000000"
0x001FA920,"ResMissionSupplyNeed001","Supply Need 1","","0x00000000","0x001FA91F","0x001FA98C","0x0005ED87","0x00000000","0x004A423B","0x00000000"
0x00202781,"ResMfg_Tier03_SubstrateMolecularSieve","Substrate Molecule Sieve","","0x00000000","0x00202780","0x0020277F","0x0014EB75","0x00000000","0x004A423B","0x00000000"
0x00202F59,"ResMfg_Tier03_AldumiteDrillingRig","Aldumite Drilling Rig","","0x00000000","0x00202F5B","0x00202F58","0x0014EB75","0x00000000","0x004A423B","0x00000000"
0x00203EA2,"ResMfg_Tier03_IndiciteWafer","Indicite Wafer","","0x00000000","0x00203EBA","0x00203EAD","0x0014EB75","0x00000000","0x004A423B","0x00000000"
0x00203EA3,"ResMfg_Tier03_VytiniumFuelRod","Vytinium Fuel Rod","","0x00000000","0x00203EB9","0x00203EAC","0x0014EB75","0x00000000","0x004A423B","0x00000000"
0x00203EA4,"ResMfg_Tier03_RothiciteMagnet","Rothicite Magnet","","0x00000000","0x00203EB8","0x00203EAB","0x0014EB75","0x00000000","0x004A423B","0x00000000"
0x00203EA5,"ResMfg_Tier03_SubstrateGravLaminate","Substrate Grav Laminate","","0x00000000","0x00203EB7","0x00000000","0x0005ED87","0x00000000","0x004A423B","0x00000000"
0x00203EA6,"ResMfg_Tier03_TasineSuperconductor","Tasine Superconductor","","0x00000000","0x00203EB5","0x00203EA7","0x0014EB75","0x00000000","0x004A423B","0x00000000"
0x00203EA8,"ResMfg_Tier03_VerylManifold","Veryl-Treated Manifold","","0x00000000","0x00203EB6","0x00203EA9","0x0014EB75","0x00000000","0x004A423B","0x00000000"
0x00203EBC,"ResMfg_Tier03_VerylExplosive","Veryl Explosive","","0x00000000","0x00203EBB","0x00203EAE","0x0005ED87","0x00000000","0x004A423B","0x00000000"
0x00208E99,"ResMfg_Tier02_DrillingRig","Drilling Rig","","0x00000000","0x00208E98","0x0020A02E","0x0014EA72","0x00000000","0x004A423B","0x00000000"
0x0021E6FF,"OutpostCargoLinkInterSystem","Inter-System Cargo Link","","0x00000000","0x0021E6FE","0x00214C92","0x00217854","0x00000000","0x004A423B","0x00000000"
0x00224626,"ResOrgUniqueNeurologicFaunaHerbivore","Neurologic","","0x00000000","0x0022469A","0x0022466A","0x0005EF41","0x00000000","0x00DBE4A1","0x00000000"
0x00224627,"ResOrgUniqueMemorySubstrateFaunaHerbivore","Memory Substrate","","0x00000000","0x0022469B","0x0022466D","0x0005EF41","0x00000000","0x00DBE4A1","0x00000000"
0x00224628,"ResOrgUniqueLuxuryTextileFaunaHerbivore","Luxury Textile","","0x00000000","0x0022469C","0x0022466F","0x0005EF41","0x00000000","0x00DBE4A1","0x00000000"
0x00224629,"ResOrgUniqueImmunostimulantFaunaHerbivore","Immunostimulant","","0x00000000","0x0022469D","0x00224671","0x0005EF41","0x00000000","0x00DBE4A1","0x00000000"
0x0022462A,"ResOrgUniqueHighTensileSpidrionFaunaHerbivore","High-Tensile Spidroin","","0x00000000","0x0022469E","0x00224673","0x0005EF41","0x00000000","0x00DBE4A1","0x00000000"
0x0022462B,"ResOrgUniqueGastronomicFaunaHerbivore","Gastro Delight","","0x00000000","0x0022469F","0x00224675","0x0005EF41","0x00000000","0x00DBE4A1","0x00000000"
0x0022462C,"ResOrgCommonStructuralFaunaHerbivore","Structural","","0x00000000","0x002246A0","0x00224661","0x0005EF3F","0x00000000","0x00DBE4A1","0x00000000"
0x0022462D,"ResOrgUncommonSpiceFaunaHerbivore","Spice","","0x00000000","0x002246A1","0x00224662","0x0005EF3F","0x00000001","0x00DBE4A1","0x00000000"
0x0022462E,"ResOrgCommonSealantFaunaHerbivore","Sealant","","0x00000000","0x002246A2","0x00224665","0x0005EF3F","0x00000000","0x00DBE4A1","0x00000000"
0x0022462F,"ResOrgUncommonPigmentFaunaHerbivore","Pigment","","0x00000000","0x002246A3","0x00224667","0x0005EF3F","0x00000001","0x00DBE4A1","0x00000000"
0x00224630,"ResOrgUncommonMembraneFaunaHerbivore","Membrane","","0x00000000","0x002246A4","0x0022466E","0x0005EF3F","0x00000001","0x00DBE4A1","0x00000000"
0x00224631,"ResOrgUncommonCosmeticFaunaHerbivore","Cosmetic","","0x00000000","0x002246A5","0x00224677","0x0005EF3F","0x00000001","0x00DBE4A1","0x00000000"
0x00224632,"ResOrgRareSedativeFaunaHerbivore","Sedative","","0x00000000","0x002246A6","0x00224664","0x0005EF3E","0x00000002","0x00DBE4A1","0x00000000"
0x00224633,"ResOrgRareHallucinogenFaunaHerbivore","Hallucinogen","","0x00000000","0x002246A7","0x00224674","0x0005EF3E","0x00000002","0x00DBE4A1","0x00000000"
0x00224634,"ResOrgRareAromaticFaunaHerbivore","Aromatic","","0x00000000","0x002246A8","0x00224679","0x0005EF3E","0x00000002","0x00DBE4A1","0x00000000"
0x00224635,"ResOrgRareAnalgesicFaunaHerbivore","Analgesic","","0x00000000","0x002246A9","0x0022467A","0x0005EF3E","0x00000002","0x00DBE4A1","0x00000000"
0x00224636,"ResOrgRareAminoAcidsFaunaHerbivore","Amino Acids","","0x00000000","0x002246AA","0x0022467B","0x0005EF3E","0x00000002","0x00DBE4A1","0x00000000"
0x00224637,"ResOrgRareAdhesiveFaunaHerbivore","Adhesive","","0x00000000","0x002246AB","0x0022467C","0x0005EF3E","0x00000002","0x00DBE4A1","0x00000000"
0x00224638,"ResOrgExoticSolventFaunaHerbivore","Solvent","","0x00000000","0x002246AC","0x00224663","0x0005EF40","0x00000003","0x00DBE4A1","0x00000000"
0x00224639,"ResOrgExoticPolymerFaunaHerbivore","Polymer","","0x00000000","0x002246AD","0x00224666","0x0005EF40","0x00000003","0x00DBE4A1","0x00000000"
0x0022463A,"ResOrgExoticStimulantFaunaHerbivore","Stimulant","","0x00000000","0x002246AE","0x0022466B","0x0005EF40","0x00000003","0x00DBE4A1","0x00000000"
0x0022463B,"ResOrgExoticLubricantFaunaHerbivore","Lubricant","","0x00000000","0x002246AF","0x00224670","0x0005EF40","0x00000003","0x00DBE4A1","0x00000000"
0x0022463C,"ResOrgExoticHypercatalystFaunaHerbivore","Hypercatalyst","","0x00000000","0x002246B0","0x00224672","0x0005EF40","0x00000003","0x00DBE4A1","0x00000000"
0x0022463D,"ResOrgExoticBiosuppressantFaunaHerbivore","Biosuppressant","","0x00000000","0x002246B1","0x00224678","0x0005EF40","0x00000003","0x00DBE4A1","0x00000000"
0x0022463E,"ResOrgCommonToxinFaunaHerbivore","Toxin","","0x00000000","0x002246B2","0x00224660","0x0005ED87","0x00000000","0x00DBE4A1","0x00000000"
0x0022463F,"ResOrgUncommonOrnamentalFaunaHerbivore","Ornamental","","0x00000000","0x002246B3","0x00224668","0x0005ED87","0x00000001","0x00DBE4A1","0x00000000"
0x00224640,"ResOrgCommonNutrientFaunaHerbivore","Nutrient","","0x00000000","0x002246B4","0x00224669","0x0005ED87","0x00000000","0x00DBE4A1","0x00000000"
0x00224641,"ResOrgCommonMetabolicAgentFaunaHerbivore","Metabolic Agent","","0x00000000","0x002246B5","0x0022466C","0x0005ED87","0x00000000","0x00DBE4A1","0x00000000"
0x00224642,"ResOrgCommonFiberFaunaHerbivore","Fiber","","0x00000000","0x002246B6","0x00224676","0x0005ED87","0x00000000","0x00DBE4A1","0x00000000"
0x00224643,"ResOrgUniqueNeurologicFaunaCarnivore","Neurologic","","0x00000000","0x002246B7","0x00224687","0x0005EF41","0x00000000","0x00DBE4A1","0x00000000"
0x00224644,"ResOrgUniqueMemorySubstrateFaunaCarnivore","Memory Substrate","","0x00000000","0x002246B8","0x0022468A","0x0005EF41","0x00000000","0x00DBE4A1","0x00000000"
0x00224645,"ResOrgUniqueLuxuryTextileFaunaCarnivore","Luxury Textile","","0x00000000","0x002246B9","0x0022468C","0x0005EF41","0x00000000","0x00DBE4A1","0x00000000"
0x00224646,"ResOrgUniqueImmunostimulantFaunaCarnivore","Immunostimulant","","0x00000000","0x002246BA","0x0022468E","0x0005EF41","0x00000000","0x00DBE4A1","0x00000000"
0x00224647,"ResOrgUniqueHighTensileSpidrionFaunaCarnivore","High-Tensile Spidroin","","0x00000000","0x002246BB","0x00224690","0x0005EF41","0x00000000","0x00DBE4A1","0x00000000"
0x00224648,"ResOrgUniqueGastronomicFaunaCarnivore","Gastro Delight","","0x00000000","0x002246BC","0x00224692","0x0005EF41","0x00000000","0x00DBE4A1","0x00000000"
0x00224649,"ResOrgCommonStructuralFaunaCarnivore","Structural","","0x00000000","0x002246BD","0x0022467E","0x0005EF3F","0x00000000","0x00DBE4A1","0x00000000"
0x0022464A,"ResOrgUncommonSpiceFaunaCarnivore","Spice","","0x00000000","0x002246BE","0x0022467F","0x0005EF3F","0x00000001","0x00DBE4A1","0x00000000"
0x0022464B,"ResOrgCommonSealantFaunaCarnivore","Sealant","","0x00000000","0x002246BF","0x00224682","0x0005EF3F","0x00000000","0x00DBE4A1","0x00000000"
0x0022464C,"ResOrgUncommonPigmentFaunaCarnivore","Pigment","","0x00000000","0x002246C0","0x00224684","0x0005EF3F","0x00000001","0x00DBE4A1","0x00000000"
0x0022464D,"ResOrgUncommonMembraneFaunaCarnivore","Membrane","","0x00000000","0x002246C1","0x0022468B","0x0005EF3F","0x00000001","0x00DBE4A1","0x00000000"
0x0022464E,"ResOrgUncommonCosmeticFaunaCarnivore","Cosmetic","","0x00000000","0x002246C2","0x00224694","0x0005EF3F","0x00000001","0x00DBE4A1","0x00000000"
0x0022464F,"ResOrgRareSedativeFaunaCarnivore","Sedative","","0x00000000","0x002246C3","0x00224681","0x0005EF3E","0x00000002","0x00DBE4A1","0x00000000"
0x00224650,"ResOrgRareHallucinogenFaunaCarnivore","Hallucinogen","","0x00000000","0x002246C4","0x00224691","0x0005EF3E","0x00000002","0x00DBE4A1","0x00000000"
0x00224651,"ResOrgRareAromaticFaunaCarnivore","Aromatic","","0x00000000","0x002246C5","0x00224696","0x0005EF3E","0x00000002","0x00DBE4A1","0x00000000"
0x00224652,"ResOrgRareAnalgesicFaunaCarnivore","Analgesic","","0x00000000","0x002246C6","0x00224697","0x0005EF3E","0x00000002","0x00DBE4A1","0x00000000"
0x00224653,"ResOrgRareAminoAcidsFaunaCarnivore","Amino Acids","","0x00000000","0x002246C7","0x00224698","0x0005EF3E","0x00000002","0x00DBE4A1","0x00000000"
0x00224654,"ResOrgRareAdhesiveFaunaCarnivore","Adhesive","","0x00000000","0x002246C8","0x00224699","0x0005EF3E","0x00000002","0x00DBE4A1","0x00000000"
0x00224655,"ResOrgExoticSolventFaunaCarnivore","Solvent","","0x00000000","0x002246C9","0x00224680","0x0005EF40","0x00000003","0x00DBE4A1","0x00000000"
0x00224656,"ResOrgExoticPolymerFaunaCarnivore","Polymer","","0x00000000","0x002246CA","0x00224683","0x0005EF40","0x00000003","0x00DBE4A1","0x00000000"
0x00224657,"ResOrgExoticStimulantFaunaCarnivore","Stimulant","","0x00000000","0x002246CB","0x00224688","0x0005EF40","0x00000003","0x00DBE4A1","0x00000000"
0x00224658,"ResOrgExoticLubricantFaunaCarnivore","Lubricant","","0x00000000","0x002246CC","0x0022468D","0x0005EF40","0x00000003","0x00DBE4A1","0x00000000"
0x00224659,"ResOrgExoticHypercatalystFaunaCarnivore","Hypercatalyst","","0x00000000","0x002246CD","0x0022468F","0x0005EF40","0x00000003","0x00DBE4A1","0x00000000"
0x0022465A,"ResOrgExoticBiosuppressantFaunaCarnivore","Biosuppressant","","0x00000000","0x002246CE","0x00224695","0x0005EF40","0x00000003","0x00DBE4A1","0x00000000"
0x0022465B,"ResOrgCommonToxinFaunaCarnivore","Toxin","","0x00000000","0x002246CF","0x0022467D","0x0005ED87","0x00000000","0x00DBE4A1","0x00000000"
0x0022465C,"ResOrgUncommonOrnamentalFaunaCarnivore","Ornamental","","0x00000000","0x002246D0","0x00224685","0x0005ED87","0x00000001","0x00DBE4A1","0x00000000"
0x0022465D,"ResOrgCommonNutrientFaunaCarnivore","Nutrient","","0x00000000","0x002246D1","0x00224686","0x0005ED87","0x00000000","0x00DBE4A1","0x00000000"
0x0022465E,"ResOrgCommonMetabolicAgentFaunaCarnivore","Metabolic Agent","","0x00000000","0x002246D2","0x00224689","0x0005ED87","0x00000000","0x00DBE4A1","0x00000000"
0x0022465F,"ResOrgCommonFiberFaunaCarnivore","Fiber","","0x00000000","0x002246D3","0x00224693","0x0005ED87","0x00000000","0x00DBE4A1","0x00000000"
0x002246D7,"ResOrgUncommonAntimicrobialFaunaCarnivore","Antimicrobial","","0x00000000","0x002246D5","0x002246D9","0x0005ED87","0x00000001","0x00DBE4A1","0x00000000"
0x002246D8,"ResOrgUncommonAntimicrobialFaunaHerbivore","Antimicrobial","","0x00000000","0x002246D4","0x002246D6","0x0005ED87","0x00000001","0x00DBE4A1","0x00000000"
0x00238228,"ResGastroChasmbassOil","Chasmbass Oil","","0x00000000","0x00000000","0x00000000","0x00000000","0x00000000","0x00EE1AFF","0x00000000"
0x002407DD,"ResBuildTest03","Test 3","","0x00000000","0x002407E2","0x002407DE","0x0005ED87","0x00000000","0x004A423B","0x00000000"
0x002407DF,"ResBuildTest02","Test 2","","0x00000000","0x002407E3","0x002407E0","0x0005ED87","0x00000000","0x004A423B","0x00000000"
0x002407E1,"ResBuildTest01","Test 1","","0x00000000","0x002407E4","0x002407E5","0x0005ED87","0x00000000","0x004A423B","0x00000000"
0x0024576E,"ResMfg_Tier01_ZeroWire","Zero Wire","","0x00000000","0x002457AC","0x002457BD","0x0014E8C2","0x00000000","0x004A423B","0x00000000"
0x0024576F,"ResMfg_Tier02_ZeroGGimbal","Zero-G Gimbal","","0x00000000","0x0024578F","0x002457BE","0x0014EA72","0x00000000","0x004A423B","0x00000000"
0x00245770,"ResMfg_Tier01_VacGradeExplosive","Vac Grade Explosive","","0x00000000","0x00245790","0x002457BF","0x0005ED87","0x00000000","0x004A423B","0x00000000"
0x00245771,"ResMfg_Tier03_Thread-logiccircuit","Thread-logic circuit","","0x00000000","0x00245791","0x002457B8","0x0005ED87","0x00000000","0x004A423B","0x00000000"
0x00245772,"ResMfg_Tier01_TauGradeRheostat","Tau Grade Rheostat","","0x00000000","0x00245792","0x00245773","0x0014E924","0x00000000","0x004A423B","0x00000000"
0x00245774,"ResMfg_Tier02_SupercooledMagnet","Supercooled Magnet","","0x00000000","0x00245793","0x002457C0","0x0014EA72","0x00000000","0x004A423B","0x00000000"
0x00245775,"ResMfg_Tier01_AdaptiveFrame","Adaptive Frame","","0x00000000","0x00245794","0x002457C1","0x0014E8C2","0x00000000","0x004A423B","0x00000000"
0x00245776,"ResMfg_Tier03_StochasticEmitter","Stochastic Emitter","","0x00000000","0x00245795","0x002457B3","0x0005ED87","0x00000000","0x004A423B","0x00000000"
0x00245777,"ResMfg_Tier02_StimulatedShielding","Stimulated Shielding","","0x00000000","0x00245796","0x002457C2","0x0005ED87","0x00000000","0x004A423B","0x00000000"
0x00245778,"ResMfg_Tier02_SterileNanotubes","Sterile Nanotubes","","0x00000000","0x00245797","0x002457C3","0x0014EB51","0x00000000","0x004A423B","0x00000000"
0x00245779,"ResMfg_Tier02_SemimetalWafer","Semimetal Wafer","","0x00000000","0x00245798","0x002457C4","0x0014EA72","0x00000000","0x004A423B","0x00000000"
0x0024577A,"ResMfg_Tier02_RegenerativeIlluminator","Regenerative Illuminator","","0x00000000","0x00245799","0x002457C5","0x0005ED87","0x00000000","0x004A423B","0x00000000"
0x0024577B,"ResMfg_Tier01_ReactiveGauge","Reactive Gauge","","0x00000000","0x0024579A","0x002457C6","0x0014E8C2","0x00000000","0x004A423B","0x00000000"
0x0024577C,"ResMfg_Tier03_Quasi-Neutralizer","Quasi-Neutralizer","","0x00000000","0x0024579B","0x002457B4","0x0005ED87","0x00000000","0x004A423B","0x00000000"
0x0024577D,"ResMfg_Tier03_PowerCircuit","Power Circuit","","0x00000000","0x0024579C","0x002457B5","0x0014EB51","0x00000000","0x004A423B","0x00000000"
0x0024577E,"ResMfg_Tier02_PositronBattery","Positron Battery","","0x00000000","0x0024579D","0x002457C8","0x0014EA72","0x00000000","0x004A423B","0x00000000"
0x0024577F,"ResMfg_Tier01_Polytextile","Polytextile","","0x00000000","0x0024579E","0x002457C9","0x0014E924","0x00000000","0x004A423B","0x00000000"
0x00245781,"ResMfg_Tier03_PlasmaIgniter","Plasma Igniter","","0x00000000","0x0024579F","0x00245780","0x0005ED87","0x00000000","0x004A423B","0x00000000"
0x00245782,"ResMfg_Tier02_ParamagnonSuperconductor","Paramagnon Conductor","","0x00000000","0x002457A0","0x002457CA","0x0014EA72","0x00000000","0x004A423B","0x00000000"
0x00245783,"ResMfg_Tier02_NuclearFuelRod","Nuclear Fuel Rod","","0x00000000","0x002457A1","0x002457D1","0x0014EB51","0x00000000","0x004A423B","0x00000000"
0x00245784,"ResMfg_Tier03_NeutralCapacitor","Neutral Capacitor","","0x00000000","0x002457A2","0x002457B6","0x0005ED87","0x00000000","0x004A423B","0x00000000"
0x00245785,"ResMfg_Tier01_Monopropellant","Monopropellant","","0x00000000","0x002457A3","0x002457CB","0x0014E924","0x00000000","0x004A423B","0x00000000"
0x00245786,"ResMfg_Tier02_MolecularSieve","Molecular Sieve","","0x00000000","0x002457A4","0x002457CC","0x0014EA72","0x00000000","0x004A423B","0x00000000"
0x00245787,"ResMfg_Tier03_MicrosecondRegulator","Microsecond Regulator","","0x00000000","0x002457A5","0x002457B7","0x0014EB51","0x00000000","0x004A423B","0x00000000"
0x00245788,"ResMfg_Tier01_MagPressureTank","Mag Pressure Tank","","0x00000000","0x002457A6","0x002457C7","0x0014E924","0x00000000","0x004A423B","0x00000000"
0x00245789,"ResMfg_Tier01_IsotopicCoolant","Isotopic Coolant","","0x00000000","0x002457A7","0x002457CD","0x0014E8C2","0x00000000","0x004A423B","0x00000000"
0x0024578A,"ResMfg_Tier01_IsocenteredMagnet","Isocentered Magnet","","0x00000000","0x002457A8","0x002457CE","0x0014E8C2","0x00000000","0x004A423B","0x00000000"
0x0024578B,"ResMfg_Tier03_HelicalEqualizer","Helical Equalizer","","0x00000000","0x002457A9","0x002457B9","0x0005ED87","0x00000000","0x004A423B","0x00000000"
0x0024578C,"ResMfg_Tier03_GravityInducer","Gravity Inducer","","0x00000000","0x002457AA","0x002457BA","0x0005ED87","0x00000000","0x004A423B","0x00000000"
0x0024578D,"ResMfg_Tier02_GraviticLaminate","Gravitic Laminate","","0x00000000","0x002457AB","0x002457D0","0x0005ED87","0x00000000","0x004A423B","0x00000000"
0x0024578E,"ResMfg_Tier03_ElectronPump","Electron Pump","","0x00000000","0x0027319E","0x002457BB","0x0005ED87","0x00000000","0x004A423B","0x00000000"
0x00252074,"ResInorgUniqueCaelumite","Caelumite","Ct","0x00270294","0x00252075","0x00252073","0x0005EF41","0x00000003","0x00000000","0x00000000"
0x0027319D,"ResMfg_Tier01_AusteniticManifold","Austenitic Manifold","","0x00000000","0x002457AD","0x002457D3","0x0014E924","0x00000000","0x004A423B","0x00000000"
0x0027C499,"ResInorgRareMercury_L","Mercury","Hg","0x0027C49A","0x0027C49B","0x0027C496","0x0005EF3E","0x00000002","0x008994AB","0x00000000"
0x00299544,"ResMfg_Tier01_CommRelay","Comm Relay","","0x00000000","0x00299541","0x002457BC","0x0014E924","0x00000000","0x004A423B","0x00000000"
0x0029B017,"ResGastroCoffee","Coffee","","0x00000000","0x00000000","0x00000000","0x00000000","0x00000000","0x00051E23","0x00000000"
0x0029B02A,"ResGastroCheese","Cheese","","0x00000000","0x00000000","0x00000000","0x00000000","0x00000000","0x005EE2FF","0x00000000"
0x0029B02B,"ResGastroTea","Tea","","0x00000000","0x00000000","0x00000000","0x00000000","0x00000000","0x00072C34","0x00000000"
0x0029B02C,"ResGastroSoda","Soda","","0x00000000","0x00000000","0x00000000","0x00000000","0x00000000","0x000E5263","0x00000000"
0x0029B02D,"ResGastroLiquor","Liquor","","0x00000000","0x00000000","0x00000000","0x00000000","0x00000000","0x001A73C4","0x00000000"
0x0029B02E,"ResGastroBeer","Beer","","0x00000000","0x00000000","0x00000000","0x00000000","0x00000000","0x001CA7CA","0x00000000"
0x0029B02F,"ResGastroWine","Wine","","0x00000000","0x00000000","0x00000000","0x00000000","0x00000000","0x006DD1EB","0x00000000"
0x0029B030,"ResGastroDairy","Dairy","","0x00000000","0x00000000","0x00000000","0x00000000","0x00000000","0x00F4FDFF","0x00000000"
0x0029B032,"ResGastroBeans","Beans","","0x00000000","0x00000000","0x00000000","0x00000000","0x00000000","0x00315477","0x00000000"
0x0029B033,"ResGastroBread","Bread","","0x00000000","0x00000000","0x00000000","0x00000000","0x00000000","0x004A80B5","0x00000000"
0x0029B034,"ResGastroEgg","Egg","","0x00000000","0x00000000","0x00000000","0x00000000","0x00000000","0x00FFFFFF","0x00000000"
0x0029B036,"ResGastroNoodles","Noodles","","0x00000000","0x00000000","0x00000000","0x00000000","0x00000000","0x009FFFFF","0x00000000"
0x0029B039,"ResGastroPoultry","Poultry","","0x00000000","0x00000000","0x00000000","0x00000000","0x00000000","0x00DDEEFF","0x00000000"
0x0029B03B,"ResGastroRedMeat","Red Meat","","0x00000000","0x00000000","0x00000000","0x00000000","0x00000000","0x00000080","0x00000000"
0x0029C460,"ResMfg_Tier02_ControlRod","Control Rod","","0x00000000","0x0029C45C","0x002457D2","0x0014EB51","0x00000000","0x004A423B","0x00000000"
0x0029C461,"ResMfg_Tier02_DeformableNozzle","Deformable Nozzle","","0x00000000","0x0029C45D","0x002457CF","0x0005ED87","0x00000000","0x004A423B","0x00000000"
0x0029F3FD,"ResOrgCommonMetabolicAgent","Metabolic Agent","","0x00000000","0x0029F3FA","0x0029F3FB","0x0005ED87","0x00000000","0x00DBE4A1","0x00000000"
0x0029F401,"ResOrgUncommonPigment","Pigment","","0x00000000","0x0029F3FE","0x0029F3FF","0x0005EF3F","0x00000001","0x00DBE4A1","0x00000000"
0x0029F403,"ResOrgRareHallucinogen","Hallucinogen","","0x00000000","0x0029F402","0x0029F404","0x0005EF3E","0x00000002","0x00DBE4A1","0x00000000"
0x0029F408,"ResOrgUniqueNeurologic","Neurologic","","0x00000000","0x0029F406","0x0029F407","0x0005EF41","0x00000000","0x00DBE4A1","0x00000000"
0x0029F40C,"ResOrgExoticHypercatalyst","Hypercatalyst","","0x00000000","0x002AC116","0x0029F40B","0x0005EF40","0x00000003","0x00DBE4A1","0x00000000"
0x002B0638,"ResPower01","Power","","0x00000000","0x002B063B","0x002B0639","0x002B0637","0x00000000","0x0056544A","0x00000000"
0x002D398B,"ResLegendaryCatalyst","Genetic Material","AGM","0x00000000","0x00000000","0x00000000","0x00000000","0x00000003","0x00D38C45","0x00000000"
0x0033DFD1,"ResMissionSupplyNeed109","Supply Need 109","","0x00000000","0x0033DFD2","0x0033DFD0","0x0005ED87","0x00000000","0x004A423B","0x00000000"
