FormID, EditorID, Name, Data1, Data2, Data3, Data4, Data5, Data6, Data7
0x00000B24, "ENV_DMG_Airborne_Parasitic_Hazard_Spell", "Parasitic Hazard", "0", "0", "0", "66048", "0", "0", "0"
0x00000B7B, "TerrormorphENV_DMG_Airborne_ToxicGas_Hazard_Spell", "Toxic Gas Hazard", "0", "0", "0", "66048", "0", "0", "0"
0x00002359, "ShipAbilityBuffReactor_01", "ShipAbilityBuffReactor 01", "0", "0", "4", "0", "0", "0", "0"
0x00002987, "Legendary_Armor_Incendiary_HitSpell", "Legendary_Armor_Incendiary_HitSpell", "0", "0", "0", "65792", "0", "0", "0"
0x000048B4, "AbRaceFXRobotModelT", "", "0", "0", "4", "0", "0", "0", "0"
0x000070CB, "abCrew_Stealth_Concealment_02", "Crew Stealth - Chameleon", "0", "0", "4", "0", "0", "0", "0"
0x00007358, "abCrewAstrodynamics_04", "", "0", "0", "4", "0", "0", "0", "0"
0x000076D4, "abPerkCrewShieldSystems_04", "Crew Shield Systems", "0", "0", "4", "0", "0", "0", "0"
0x000076F2, "abStarshipEngineering_Crew_04", "Starship Engineering: Crew 04", "0", "0", "4", "0", "0", "0", "0"
0x00007709, "ShipCrewAbilityBuffEngine_02", "ShipCrewAbilityBuffEngine", "0", "0", "4", "0", "0", "0", "0"
0x00007BE8, "Scanner_SocialSkill_Robotics_Diplomacy", "Pacify", "0", "1048577", "0", "196864", "0", "0", "0"
0x00009B24, "abShipCommand01", "Ship Command Ability", "0", "0", "4", "0", "0", "0", "0"
0x00009B25, "abShipCommand02", "Ship Command Ability", "0", "0", "4", "0", "0", "0", "0"
0x00009B28, "abShipCommand03", "Ship Command Ability", "0", "0", "4", "0", "0", "0", "0"
0x00009B29, "abShipCommand04", "Ship Command Ability", "0", "0", "4", "0", "0", "0", "0"
0x0000BF5D, "abWellnessFortifyHealth01", "Wellness", "0", "0", "4", "0", "0", "0", "0"
0x0000CDFC, "LC088_AbFortifyHealth_Ikande", "", "0", "0", "4", "0", "0", "0", "0"
0x0000CE02, "LC165_AbReanimate", "Reanimate Ab", "0", "1", "4", "0", "0", "0", "0"
0x0000CF4D, "LC088_AbFortifyHealth_Toft", "", "0", "0", "4", "0", "0", "0", "0"
0x0000D3F1, "LC088_AbFortifyHealth_Delgado", "", "0", "0", "4", "0", "0", "0", "0"
0x0001C06D, "ShipCrewAbilityBuffShields", "ShipCrewAbilityBuffShields", "0", "0", "4", "0", "0", "0", "0"
0x0001F721, "PerkStunSpell_04", "Stun", "0", "524289", "0", "65792", "0", "0", "0"
0x00021365, "SpellSharpshooting04", "Sharpshooting Rank 4 Spell", "0", "0", "0", "65792", "0", "0", "0"
0x00023C62, "FireHazardStrong_OBSOLETE", "Strong Fire Hazard", "0", "0", "0", "65792", "0", "0", "0"
0x00024FBF, "WaterRadiationDrinking_OBSOLETE", "Cool, delicious, refreshing water", "0", "0", "0", "256", "0", "0", "0"
0x000271B6, "LC107_ENV_DMG_Airborne_ToxicGas_Hazard_Spell", "Toxic Gas Hazard", "0", "0", "0", "66048", "0", "0", "0"
0x00029285, "CloakedTerrormorphVoidForm", "Void Form", "10", "1", "4", "0", "0", "0", "0"
0x0002A6FB, "CritShipWeapon_Energy", "", "0", "1310720", "0", "256", "0", "0", "0"
0x0002A6FD, "CritShipWeapon_Ballistic", "", "0", "1310720", "0", "256", "0", "0", "0"
0x0002A704, "CritShipWeapon_EM", "", "0", "1310720", "0", "256", "0", "0", "0"
0x0002A858, "CritShipWeapon_Starborn", "", "0", "1310720", "0", "256", "0", "0", "0"
0x0002E551, "ffStarbornDeath", "", "0", "3407872", "0", "256", "0", "0", "0"
0x000367A8, "AbStarbornScriptSpell", "", "0", "1310720", "4", "0", "0", "0", "0"
0x00038359, "ENV_AFFL_Symptom_Debug_Asphyxiation", "Asphyxiation Debug", "0", "0", "4", "0", "0", "0", "0"
0x0003859E, "ENV_AFFL_Symptom_Debug_Bleed", "Bleed Debug", "0", "0", "4", "0", "0", "0", "0"
0x000385A3, "ENV_AFFL_Symptom_Debug_Blisters", "Blisters Debug", "0", "0", "4", "0", "0", "0", "0"
0x000385A5, "ENV_AFFL_Symptom_Debug_Confusion", "Confusion Debug", "0", "0", "4", "0", "0", "0", "0"
0x000385A6, "ENV_AFFL_Symptom_Debug_Cough", "Cough Debug", "0", "0", "4", "0", "0", "0", "0"
0x000385A7, "ENV_AFFL_Symptom_Debug_Cramping", "Cramping Debug", "0", "0", "4", "0", "0", "0", "0"
0x000385A8, "ENV_AFFL_Symptom_Debug_Crippled", "Crippled Debug", "0", "0", "4", "0", "0", "0", "0"
0x000385A9, "ENV_AFFL_Symptom_Debug_DifficultyBreathing", "Difficulty Breathing Debug", "0", "0", "4", "0", "0", "0", "0"
0x000385AA, "ENV_AFFL_Symptom_Debug_Fever", "Fever Debug", "0", "0", "4", "0", "0", "0", "0"
0x000385AB, "ENV_AFFL_Symptom_Debug_IntensePain", "Intense Pain Debug", "0", "0", "4", "0", "0", "0", "0"
0x000385AC, "ENV_AFFL_Symptom_Debug_InternalBleeding", "Internal Bleeding Debug", "0", "0", "4", "0", "0", "0", "0"
0x000385AD, "ENV_AFFL_Symptom_Debug_JointPain", "Joint Pain Debug", "0", "0", "4", "0", "0", "0", "0"
0x000385AE, "ENV_AFFL_Symptom_Debug_Migraine", "Migraine Debug", "0", "0", "4", "0", "0", "0", "0"
0x000385AF, "ENV_AFFL_Symptom_Debug_Nausea", "Nausea Debug", "0", "0", "4", "0", "0", "0", "0"
0x000385B0, "ENV_AFFL_Symptom_Debug_Pain", "Pain Debug", "0", "0", "4", "0", "0", "0", "0"
0x000385B1, "ENV_AFFL_Symptom_Debug_Shock", "Shock Debug", "0", "0", "4", "0", "0", "0", "0"
0x000385B2, "ENV_AFFL_Symptom_Debug_Soreness", "Soreness Debug", "0", "0", "4", "0", "0", "0", "0"
0x000385B3, "ENV_AFFL_Symptom_Debug_Swelling", "Swelling Debug", "0", "0", "4", "0", "0", "0", "0"
0x000385B4, "ENV_AFFL_Symptom_Debug_Unbalanced", "Unbalanced Debug", "0", "0", "4", "0", "0", "0", "0"
0x000385B5, "ENV_AFFL_Symptom_Debug_Weakness", "Weakness Debug", "0", "0", "4", "0", "0", "0", "0"
0x00038E13, "Gymnastics_Rank4_Mantling_Spell", "Gymnastics Rank4 Speed + 02", "0", "0", "0", "65792", "0", "0", "0"
0x0003905A, "MQ302B_Space_abModIncomingDamageFakeCombatAllyShip", "", "0", "0", "4", "0", "0", "0", "0"
0x0003CC96, "SpellScannerGuide", "Scanner Guide", "0", "0", "4", "0", "0", "0", "0"
0x0003CD4A, "Gymnastics_Rank3_Spell", "Gymnastics O2 Replenish", "0", "0", "0", "65792", "0", "0", "0"
0x0003EBCF, "LC165_Scripted_VoidFormSpell", "Scripted Void Form Ab", "0", "1", "0", "256", "0", "0", "0"
0x00040461, "ENV_DMG_Thermal_Heat_Hazard_Lava_Spell", "Extreme Heat Hazard", "0", "0", "0", "66048", "0", "0", "0"
0x0004046E, "ENV_DMG_Airborne_Microbial_Hazard_Spell", "Microbial Hazard", "0", "0", "0", "66048", "0", "0", "0"
0x00040475, "ENV_DMG_Corrosive_CorrosiveLiquid_Hazard_Spell", "Corrosive Liquid Hazard", "0", "0", "0", "66048", "0", "0", "0"
0x00040612, "ENV_DMG_Thermal_Heat_Hazard_Flames_Spell", "Extreme Heat Hazard", "0", "0", "0", "66048", "0", "0", "0"
0x0004329A, "ArtifactPowerCreateVacuum_Hazard_Spell", "Create Vacuum", "25", "1572865", "0", "66048", "0", "0", "0"
0x000432A7, "OE_KT_AbFortifyHealth_Marines", "", "0", "0", "4", "0", "0", "0", "0"
0x0004AC2B, "Boostpack_Knockdown_Flame_Visual_Spell", "Boostpack Knockdown Visual Spell", "0", "786433", "0", "65792", "0", "0", "0"
0x0004C47E, "AbPerkLeadBelly", "Rad Resistance", "0", "0", "4", "0", "0", "0", "0"
0x0004CE4D, "SpaceStormBolt_DamageVariantHalf", "EM Surge", "0", "0", "0", "256", "0", "0", "0"
0x0004CE4E, "SpaceStormBolt_DamageVariant01", "EM Surge", "0", "0", "0", "256", "0", "0", "0"
0x0004CE5D, "SpaceStormBolt_DamageVariant02", "EM Surge", "0", "0", "0", "256", "0", "0", "0"
0x0004D2EF, "Debug_SpaceStormBolt_DamageVariantRatio", "EM Surge", "0", "0", "0", "256", "0", "0", "0"
0x000509C2, "LegendaryWeapon_Corrosive_Spell_AddTempPerk", "LegendaryWeapon_Corrosive_Spell_AddTempPerk", "0", "0", "0", "65792", "0", "0", "0"
0x00056E5C, "AbCCT_DamageMod", "AbCCT_DamageMod", "0", "0", "4", "0", "0", "0", "0"
0x00059AE7, "AbPerkConcealment04", "", "0", "0", "4", "0", "0", "0", "0"
0x0005C528, "WellRested", "Well Rested", "0", "0", "0", "256", "0", "0", "0"
0x0005DD98, "AbPerkAbsorbRadiation", "Absorb Radiation", "0", "0", "4", "256", "0", "0", "0"
0x000612EB, "Legendary_Armor_Disarm_HitSpell", "Legendary_Armor_Disarm_HitSpell", "0", "0", "0", "65792", "0", "0", "0"
0x000612F4, "Legendary_Armor_Stagger_HitSpell", "Legendary_Armor_Stagger_HitSpell", "0", "0", "0", "65792", "0", "0", "0"
0x00061D47, "ENV_BaseSoakBalanceAdjustment_AbilityENV_BaseSoakBalanceAdjustment_Effect_TEMP_BUG_FIX", "ENV_BaseSoakBalanceAdjustment_AbilityENV_BaseSoakBalanceAdjustment_Effect_TEMP_BUG_FIX", "0", "0", "4", "0", "0", "0", "0"
0x00065FCB, "Trait_SerpentsEmbrace_Ability", "Serpent's Embrace", "0", "0", "4", "0", "0", "0", "0"
0x00065FCC, "Trait_SerpentsEmbrace_Buff", "Serpent's Embrace", "0", "0", "0", "196864", "0", "0", "0"
0x00066271, "ENV_SuppressSoak_ExtremeEnvironment_Toxic_Ability", "Toxic Environment", "0", "0", "4", "0", "0", "0", "0"
0x000714FB, "TRP_ElectricalArc_Spell", "Electrical Shock", "90", "1", "0", "256", "0", "0", "0"
0x00074C3B, "ENV_DMG_SuitIntegrityFailure_WatchWarningSpam", "Suit Integrity Failure", "0", "0", "0", "196864", "0", "0", "0"
0x0007AA2C, "Targeting_Rank4_Spell", "Targeting Rank 4 Spell", "0", "0", "0", "65792", "0", "0", "0"
0x0007AA2E, "Targeting_Rank3_Spell", "Targeting Rank 3 Spell", "0", "0", "0", "65792", "0", "0", "0"
0x0007AA30, "Targeting_Rank2_Spell", "Targeting Rank 2 Spell", "0", "0", "0", "65792", "0", "0", "0"
0x0007AA32, "Targeting_Rank1_Spell", "Targeting Rank 1 Spell", "0", "0", "0", "65792", "0", "0", "0"
0x0007B353, "Dueling_MoveSpeed_Spell", "Dueling Attack Speed", "0", "0", "0", "65792", "0", "0", "0"
0x00080FCC, "LC165_Starborn_AdversaryPerkSpell", "Adversary Perk Spell", "0", "0", "4", "0", "0", "0", "0"
0x00083A95, "CCT_Enviro_Signal_Ability", "Signal Ability", "2", "0", "4", "0", "0", "0", "0"
0x0008646A, "CCT_abLegendaryFortifyHealth_Rank1", "CCT_abLegendaryFortifyHealth", "0", "3145728", "4", "0", "0", "0", "0"
0x0008AE0D, "LegendaryWeapon_Corrosive_Spell_Dispel", "LegendaryWeapon_Corrosive_Spell_Dispel", "0", "0", "0", "65792", "0", "0", "0"
0x0008CB48, "ENV_SuppressSoak_ExtremeEnvironment_Heat_Ability", "Extreme Ambient Heat", "0", "0", "4", "0", "0", "0", "0"
0x0008CB4D, "ENV_SuppressSoak_ExtremeEnvironment_Cold_Ability", "Extreme Ambient Cold", "0", "0", "4", "0", "0", "0", "0"
0x0008CB51, "ENV_SuppressSoak_ExtremeEnvironment_Corrosive_Ability", "Corrosive Environment", "0", "0", "4", "0", "0", "0", "0"
0x000913C4, "CritShipWeapon_Particle", "", "0", "1310720", "0", "256", "0", "0", "0"
0x000941F7, "DetectLifeSpell", "DetectLifeSpell", "0", "0", "0", "66048", "0", "0", "0"
0x0009449A, "UC06_OrlaseLeveledHealthBoost", "Wellness", "0", "0", "4", "0", "0", "0", "0"
0x000968CA, "Scanner_SocialSkill_Xeno_Diplomacy", "Pacify", "0", "1048577", "0", "196864", "0", "0", "0"
0x000968CB, "Scanner_SocialSkill_Xeno_Instigation", "Frenzy", "0", "1048577", "0", "196864", "0", "0", "0"
0x000968CC, "Scanner_SocialSkill_Xeno_Intimidation", "Flee", "0", "1048577", "0", "196864", "0", "0", "0"
0x000968CD, "Scanner_SocialSkill_Xeno_Manipulation", "Control", "0", "1048577", "0", "196864", "0", "0", "0"
0x0009EA95, "LC088_ENV_DMG_Radiation_Reactor_Hazard_Spell", "Radiation Hazard", "0", "0", "0", "66048", "0", "0", "0"
0x0009F18D, "LegendaryWeapon_Corrosive_Spell_Effects", "LegendaryWeapon_Corrosive_Spell_Effects", "0", "0", "0", "65792", "0", "0", "0"
0x0009F18E, "LegendaryWeapon_Incendiary_Spell_AddTempPerk", "LegendaryWeapon_Incendiary_Spell_AddTempPerk", "0", "0", "0", "65792", "0", "0", "0"
0x0009F18F, "LegendaryWeapon_Incendiary_Spell_Dispel", "LegendaryWeapon_Incendiary_Spell_Dispel", "0", "0", "0", "65792", "0", "0", "0"
0x0009F190, "LegendaryWeapon_Incendiary_Spell_Effects", "LegendaryWeapon_Incendiary_Spell_Effects", "0", "0", "0", "65792", "0", "0", "0"
0x0009F197, "LegendaryWeapon_Poison_Spell_AddTempPerk", "LegendaryWeapon_Poison_Spell_AddTempPerk", "0", "0", "0", "65792", "0", "0", "0"
0x0009F198, "LegendaryWeapon_Poison_Spell_Dispel", "LegendaryWeapon_Poison_Spell_Dispel", "0", "0", "0", "65792", "0", "0", "0"
0x0009F19B, "LegendaryWeapon_Poison_Spell_Effects", "LegendaryWeapon_Poison_Spell_Effects", "0", "0", "0", "65792", "0", "0", "0"
0x0009F19F, "LegendaryWeapon_Radioactive_Spell_Dispel", "LegendaryWeapon_Radioactive_Spell_Dispel", "0", "0", "0", "65792", "0", "0", "0"
0x0009F1A5, "LegendaryWeapon_Radioactive_Spell_Effects", "LegendaryWeapon_Radioactive_Spell_Effects", "0", "0", "0", "65792", "0", "0", "0"
0x000A9003, "SpellTargeting04", "Targeting Rank 4 Spell", "0", "0", "0", "65792", "0", "0", "0"
0x000B0739, "abBallisticWeaponSystems", "Ballistic Weapon Systems", "0", "0", "4", "0", "0", "0", "0"
0x000B0885, "abBoostAssaultSlowTime", "Boost Assault Slow Time", "0", "0", "4", "256", "0", "0", "0"
0x000BDD74, "Scanner_SocialSkill_Robotics_Instigation", "Frenzy", "0", "1048577", "0", "196864", "0", "0", "0"
0x000BDD75, "Scanner_SocialSkill_Robotics_Intimidation", "Flee", "0", "1048577", "0", "196864", "0", "0", "0"
0x000CA984, "ENV_Audio_SealedEnvironmentToggle", "Spell that toggles effects with script hooks for audio to play muffled sounds when not in sealed loc", "0", "0", "4", "0", "0", "0", "0"
0x000D16F0, "Crit_FireWeapDissolveSpell", "", "0", "1310720", "0", "256", "0", "0", "0"
0x000DA29F, "AbMQ101ModIncomingDamageFromMiners", "", "0", "0", "4", "0", "0", "0", "0"
0x000DAE38, "CCT_abFortifyHealth_Boss_Minor", "CCT_abFortifyHealth_Boss", "0", "0", "4", "0", "0", "0", "0"
0x000DD789, "abCellularRegeneration01", "Cellular Regeneration 01", "0", "0", "4", "0", "0", "0", "0"
0x000DD78A, "abCellularRegeneration02", "Cellular Regeneration 02", "0", "0", "4", "0", "0", "0", "0"
0x000DD78B, "abCellularRegeneration03", "Cellular Regeneration 03", "0", "0", "4", "0", "0", "0", "0"
0x000DD78C, "abCellularRegeneration04", "Cellular Regeneration 04", "0", "0", "4", "0", "0", "0", "0"
0x000DD78D, "abDecontamination01", "Decontamination 01", "0", "0", "4", "0", "0", "0", "0"
0x000DD78F, "abDecontamination02", "Decontamination 02", "0", "0", "4", "0", "0", "0", "0"
0x000DD790, "abDecontamination03", "Decontamination 03", "0", "0", "4", "0", "0", "0", "0"
0x000DD791, "abDecontamination04", "Decontamination 04", "0", "0", "4", "0", "0", "0", "0"
0x000E36FB, "AbPerkAquaboy", "Waterbreathing", "0", "0", "4", "0", "0", "0", "0"
0x000EE919, "CCT_abPlaceCorpseFurniture", "CCT_abPlaceCorpseFurniture", "0", "0", "4", "0", "0", "0", "0"
0x000F3C1D, "COM_EmotionalSecurityPerkSpell", "Emotional Security", "0", "0", "0", "256", "0", "0", "0"
0x000F5981, "CrTerrormorphCystAttack", "Terrormorph Cyst Attack", "5", "786433", "-1610612736", "65856", "0", "0", "0"
0x000F6EF9, "AbMQInvisible", "Void Form", "30", "1", "4", "0", "0", "0", "0"
0x000FE096, "LC165_Starborn_Bridge_ScriptedParallelSelfInitialSpell", "Scripted Spell", "0", "1", "0", "256", "0", "0", "0"
0x000FE269, "AbilityDamageHealthSlow", "Damage Health Slow", "0", "0", "4", "0", "0", "0", "0"
0x00101DF5, "abPerkCrewShieldSystems_02", "Crew Shield Systems", "0", "0", "4", "0", "0", "0", "0"
0x00101DF9, "abPerkCrewShieldSystems_03", "Crew Shield Systems", "0", "0", "4", "0", "0", "0", "0"
0x0010C4C0, "CommandedActorAbility", "CommandedActorAbility", "0", "1048576", "4", "0", "0", "0", "0"
0x0010FC07, "AbPerkHeavyWeapons04", "", "0", "0", "4", "0", "0", "0", "0"
0x00113791, "AIPower_ParallelSelf_Hunter", "Parallel Self", "15", "1", "0", "256", "0", "0", "0"
0x00113D60, "abAIPower_MoonForm_Hunter", "", "0", "0", "4", "0", "0", "0", "0"
0x00115996, "DamageShipShieldsandHullSpell", "Damage Health", "0", "0", "0", "65792", "0", "0", "0"
0x00120339, "LC165_Starborn_Ruins_DemonPerkAbility", "Shadow Demon Perk", "0", "0", "4", "0", "0", "0", "0"
0x00120A3F, "LC165_PlayerAndAlliesPerkSpell", "Player and Allies Perk Spell", "0", "0", "4", "0", "0", "0", "0"
0x00120A55, "CCT_abStayInBleedout", "CCT_abStayInBleedout", "0", "0", "4", "0", "0", "0", "0"
0x00123513, "LC165_Starborn_Adversary_ScriptedInnerDemonSpell", "Scripted Spell", "0", "1572865", "0", "256", "0", "0", "0"
0x00123517, "LC165_Starborn_Fire_ScriptedSupernovaSpell", "Scripted Spell", "0", "1572865", "0", "256", "0", "0", "0"
0x00123C01, "abTargetingControlSystems_TargetLockTime_01", "Target Lock Time 01", "0", "0", "4", "0", "0", "0", "0"
0x00124F42, "Legendary_Wep_TeslaPylons_Spell", "Tesla Pylons", "0", "786432", "0", "66048", "0", "0", "0"
0x00126017, "abRejuvenation01", "", "0", "0", "4", "0", "0", "0", "0"
0x00126019, "abRejuvenation02", "", "0", "0", "4", "0", "0", "0", "0"
0x0012601A, "abRejuvenation03", "", "0", "0", "4", "0", "0", "0", "0"
0x0012601B, "abRejuvenation04", "", "0", "0", "4", "0", "0", "0", "0"
0x00127561, "RapidReloading04_Spell", "Rapid Reloading", "0", "0", "0", "65792", "0", "0", "0"
0x00128030, "LC165_Starborn_Ice_ScriptedGravityWellSpell", "Scripted Spell", "0", "1572865", "0", "256", "0", "0", "0"
0x001283DB, "ENV_AFFL_AddHitSpellPerk_Creatures_Ability", "Add Hit Spell Perk", "0", "0", "4", "0", "0", "0", "0"
0x001287BC, "abLeadership_02", "Leadership 02", "0", "0", "4", "0", "0", "0", "0"
0x00129572, "AIPower_Reanimation", "Alien Reanimation", "15", "524289", "0", "196864", "0", "0", "0"
0x0012AE0D, "abCrewLeadership", "Crew Leadership Ability", "0", "0", "4", "0", "0", "0", "0"
0x00138560, "FortifyQuantumEssenceSpell", "Fortify Quantum Essence Spell", "0", "0", "0", "256", "0", "0", "0"
0x0013DEAB, "Lasers_Rank4", "Lasers Rank 4", "0", "0", "0", "65792", "0", "0", "0"
0x0013DFB4, "LC088_Space_abModIncomingDamageFakeCombatAllyShip", "", "0", "0", "4", "0", "0", "0", "0"
0x0013DFB5, "LC088_Space_abModIncomingDamageFakeCombatEnemyShip", "", "0", "0", "4", "0", "0", "0", "0"
0x0013E4FA, "LC165_Starborn_Bridge_ScriptedParallelSelfSpell", "Scripted Spell", "0", "1", "0", "256", "0", "0", "0"
0x00142ACC, "Crit_AcidWeapDissolveSpell", "", "0", "1310720", "0", "256", "0", "0", "0"
0x001447B9, "QuantumEssenceSpell", "Quantum Essence", "0", "0", "0", "0", "0", "0", "0"
0x00146685, "Trait_EmpathDebuff", "Empath", "0", "0", "0", "196864", "0", "0", "0"
0x00146686, "Trait_EmpathBuff", "Empath", "0", "0", "0", "196864", "0", "0", "0"
0x00146CCA, "PerkStunSpell_01", "Stun", "0", "1048576", "0", "65792", "0", "0", "0"
0x00147BE8, "Scanning_TargetLock_WeaponSpeed", "Scanning Weapon Speed", "0", "0", "0", "65792", "0", "0", "0"
0x00147E27, "Trait_Extrovert_Ability", "Extrovert", "0", "0", "4", "0", "0", "0", "0"
0x00147E29, "Trait_Introvert_Ability", "Introvert", "0", "0", "4", "0", "0", "0", "0"
0x00147E41, "DamageShipWeaponsSpell", "Damage Weapons", "0", "0", "0", "65792", "0", "0", "0"
0x0014A87F, "Trait_TerraFirma_Ability", "Terra Firma", "0", "0", "4", "0", "0", "0", "0"
0x0014A884, "Trait_Spaced_Ability", "Spaced", "0", "0", "4", "0", "0", "0", "0"
0x00152D07, "EMWeaponSystems_Spell", "EM Weapon Systems", "0", "0", "0", "65792", "0", "0", "0"
0x00153BA0, "AbStarbornShipCloaking", "StarbornShipCloaking", "0", "1310720", "4", "256", "0", "0", "0"
0x0015C59B, "abTargetingControlSystems", "Targeting Control Systems", "0", "0", "4", "0", "0", "0", "0"
0x001639D4, "MQ207C_ArtifactExperimentBeamHazardSpell", "Accelerator Beam", "0", "0", "0", "66048", "0", "0", "0"
0x001639E0, "zzz_ENV_Weather_Rain_Microbial__TraitBased_DoNotUse", "Microbial Rain", "0", "0", "1", "0", "0", "0", "0"
0x001639EB, "ENV_Weather_Rain_Freezing", "Freezing Rain", "0", "0", "1", "0", "0", "0", "0"
0x001639EE, "ENV_Weather_Warning_Airborne", "Incoming Weather", "0", "0", "1", "0", "0", "0", "0"
0x001639F1, "zzz_ENV_Weather_Rain_Psychoactive__TraitBased_DoNotUse", "Psychoactive Rain", "0", "0", "1", "0", "0", "0", "0"
0x001639F8, "ENV_Weather_Vapor_Corrosive", "Corrosive Vapor", "0", "0", "1", "0", "0", "0", "0"
0x001639F9, "ENV_Weather_Vapor_Freezing", "Freezing Vapor", "0", "0", "1", "0", "0", "0", "0"
0x001639FC, "zzz_ENV_Weather_Vapor_Microbial__TraitBased_DoNotUse", "Microbial Vapor", "0", "0", "1", "0", "0", "0", "0"
0x001639FE, "zzz_ENV_Weather_Vapor_Psychoactive__TraitBased_DoNotUse", "Psychoactive Vapor", "0", "0", "1", "0", "0", "0", "0"
0x00163A00, "ENV_Weather_Vapor_Scalding", "Scalding Vapor", "0", "0", "1", "0", "0", "0", "0"
0x00163A02, "ENV_Weather_Snow_ExtremeCold", "Freezing Cold and Snow", "0", "0", "1", "0", "0", "0", "0"
0x00163A03, "ENV_Weather_Sandstorm_ExtremeHeat", "Intense Heat", "0", "0", "1", "0", "0", "0", "0"
0x00163A05, "ENV_Weather_Particulates_Corrosive", "Corrosive Particulates", "0", "0", "1", "0", "0", "0", "0"
0x00163A06, "zzz_ENV_Weather_Particulates_Psychoactive__TraitBased_DoNotUse", "Psychoactive Particulates", "0", "0", "1", "0", "0", "0", "0"
0x00163FDA, "zzz_ENV_Weather_Atmosphere_Radioactive__TraitBased_DoNotUse", "Radioactive Atmosphere", "0", "0", "1", "0", "0", "0", "0"
0x00163FE0, "ENV_Weather_Warning_Radiation", "Incoming Weather", "0", "0", "1", "0", "0", "0", "0"
0x00163FE7, "ENV_Weather_AirQuality_Poor", "Poor Air Quality", "0", "0", "1", "0", "0", "0", "0"
0x00163FE9, "zzz_ENV_Weather_Radiation_StrongSubharmonics__TraitBased_DoNotUse", "Strong Subharmonics", "0", "0", "1", "0", "0", "0", "0"
0x001665A7, "ENV_SuppressSoak_ExtremeEnvironment_Radiation_Solar_Ability", "Extreme Solar Radiation", "0", "0", "4", "0", "0", "0", "0"
0x00166DD6, "ENV_DMG_Corrosive_CorrosiveLiquid_WaterContact_Spell_OBSOLETE", "Corrosive Liquid", "0", "0", "1", "0", "0", "0", "0"
0x00168659, "abBoxing_Sprint_04", "Boxing Sprint O2 Reduction", "0", "0", "4", "0", "0", "0", "0"
0x0016865C, "abBoxing_Sprint_03", "Boxing Sprint O2 Reduction", "0", "0", "4", "0", "0", "0", "0"
0x0016866A, "Boxing_Knockdown_Spell", "Boxing Knockdown Spell", "0", "0", "0", "65792", "0", "0", "0"
0x00169209, "CCT_Scan_Attack_Spitter_P", "Spitter", "0", "0", "4", "0", "0", "0", "0"
0x0016920A, "CCT_Scan_Attack_Stagger_P", "Staggering Attacks", "0", "0", "4", "0", "0", "0", "0"
0x0016920B, "CCT_Scan_Attack_Slow_P", "Slow Attacks", "0", "0", "4", "0", "0", "0", "0"
0x0016920E, "CCT_Scan_Attack_Slinger_Glue_P", "Slinger Glue", "0", "0", "4", "0", "0", "0", "0"
0x0016920F, "CCT_Scan_Attack_Slinger_P", "Slinger", "0", "0", "4", "0", "0", "0", "0"
0x00169210, "CCT_Scan_Attack_Poison_P", "Poison Attacks", "0", "0", "4", "0", "0", "0", "0"
0x00169211, "CCT_Scan_Attack_Oxygen_P", "Oxygen Attacks", "0", "0", "4", "0", "0", "0", "0"
0x00169213, "CCT_Scan_Attack_Freezing_P", "Freezing Attacks", "0", "0", "4", "0", "0", "0", "0"
0x00169214, "CCT_Scan_Attack_Fast_P", "Fast Attacks", "0", "0", "4", "0", "0", "0", "0"
0x00169215, "CCT_Scan_Attack_Burning_P", "Burning Attacks", "0", "0", "4", "0", "0", "0", "0"
0x001694F1, "CCT_Scan_Attack_AntiArmor_P", "Increased Armor Penetration", "0", "0", "4", "0", "0", "0", "0"
0x0016951B, "CCT_Scan_Attack_Bleed_P", "Bleed Attacks", "0", "0", "4", "0", "0", "0", "0"
0x0016A9FD, "CF05_abComSpike", "ComSpike", "0", "0", "0", "0", "0", "0", "0"
0x0016A9FF, "CF06_abConductionGrid", "Conduction Grid", "0", "0", "0", "0", "0", "0", "0"
0x0016B564, "abPersonalAtmosphere", "ab Personal Atmosphere", "0", "0", "4", "0", "0", "0", "0"
0x001739CF, "abPerkCrewShieldSystems_01", "Crew Shield Systems", "0", "0", "4", "0", "0", "0", "0"
0x001880E6, "SQ_Doctors_CureAll", "Cure All Afflictions", "0", "1048576", "0", "256", "0", "0", "0"
0x0018ABFC, "LC165_Scripted_VoidFormAb", "Scripted Void Form Ab", "0", "1", "4", "0", "0", "0", "0"
0x0018B81F, "ffStarbornTeleport", "", "0", "3407872", "0", "256", "0", "0", "0"
0x00198BB6, "ShipCrewAbilityBuffReactor", "ShipCrewAbilityBuffReactor", "0", "0", "4", "0", "0", "0", "0"
0x0019AFE5, "AbPerkConcealment03", "", "0", "0", "4", "0", "0", "0", "0"
0x0019B896, "AbPerkGymnastics4", "", "0", "0", "4", "256", "0", "0", "0"
0x001A7F89, "CCT_Scan_BlastResistant_P", "Reflective", "0", "0", "4", "0", "0", "0", "0"
0x001A7F94, "CCT_Scan_Kinetic_Resistant_P", "Kinetic Resistance", "0", "0", "4", "0", "0", "0", "0"
0x001A7F95, "CCT_Scan_Energy_Resistant_P", "Energy Resistance", "0", "0", "4", "0", "0", "0", "0"
0x001A7F96, "CCT_Scan_Kinetic_Vulnerable_P", "Kinetic Vulnerability", "0", "0", "4", "0", "0", "0", "0"
0x001A7F97, "CCT_Scan_Energy_Vulnerable_P", "Energy Vulnerability", "0", "0", "4", "0", "0", "0", "0"
0x001A7F98, "CCT_Scan_EM_Vulnerable_P", "EM Vulnerability", "0", "0", "4", "0", "0", "0", "0"
0x001A7F99, "CCT_Scan_EM_Resistant_P", "EM Resistance", "0", "0", "4", "0", "0", "0", "0"
0x001A9C71, "MQ204HunterInvisibility", "Invisibility", "0", "0", "4", "0", "0", "0", "0"
0x001B1C3F, "abMartialArts_ReflectDamage", "abMartialArts Reflect Damage", "0", "0", "4", "0", "0", "0", "0"
0x001BBA98, "abStarshipEngineering_Crew_01", "Starship Engineering: Crew 01", "0", "0", "4", "0", "0", "0", "0"
0x001BBA99, "abStarshipEngineering_Crew_02", "Starship Engineering: Crew 02", "0", "0", "4", "0", "0", "0", "0"
0x001BBA9A, "abStarshipEngineering_Crew_03", "Starship Engineering: Crew 03", "0", "0", "4", "0", "0", "0", "0"
0x001BBAB1, "ENV_PlayerOxygenAdjustment_Ability_BackupCopyDeleteMe", "Oxygen Adjustment", "0", "0", "4", "0", "0", "0", "0"
0x001BBAB2, "ENV_DMG_SuitIntegrityFailure_Ability_BackupCopyDeleteMe", "Suit Integrity Failure", "0", "0", "4", "0", "0", "0", "0"
0x001BEACA, "Scanner_SocialSkill_Robotics_Manipulation", "Control", "0", "1048577", "0", "196864", "0", "0", "0"
0x001BF1C7, "abTerrormorphMindControlFortifyHealth01", "Mind Control: Fortify Health", "0", "3145728", "4", "0", "0", "0", "0"
0x001C93E2, "CCT_Scan_Combat_Healthy_P", "Healthy", "0", "0", "4", "0", "0", "0", "0"
0x001C9A6A, "CureAddictions", "Cure Addictions", "0", "0", "0", "256", "0", "0", "0"
0x001CC009, "EnvironmentalConditioning_Spell_Rank1", "Env Conditioning", "0", "1", "4", "0", "0", "0", "0"
0x001D33D6, "PerkMartialArts02", "Disarm", "0", "0", "0", "65792", "0", "0", "0"
0x001D5CF5, "ENV_DMG_Water_Ability_Heat", "Scaling Liquid", "0", "0", "1", "0", "0", "0", "0"
0x001D5CF6, "ENV_DMG_Water_Ability_Corrosive", "Corrosive Liquid", "0", "0", "1", "0", "0", "0", "0"
0x001D5CF7, "ENV_DMG_Water_Ability_Cold", "Cryogenic Liquid", "0", "0", "1", "0", "0", "0", "0"
0x001D5CF8, "ENV_DMG_Water_Ability_Radioactive", "Radioactive Liquid", "0", "0", "1", "0", "0", "0", "0"
0x001D5D55, "WeaponEffect_EMShock_Spell", "EM Shock Spell", "0", "0", "0", "65792", "0", "0", "0"
0x001DC462, "CCT_abAcidBlood", "CCT_abAcidBlood", "0", "0", "4", "0", "0", "0", "0"
0x001DC467, "CCT_HitSpell_BigStagger", "CCT_HitSpell_BigStagger", "0", "0", "0", "65792", "0", "0", "0"
0x001DC479, "CCT_HitSpell_Slowed", "Creature Glue Attack", "0", "0", "0", "65792", "0", "0", "0"
0x001E1171, "Dueling_RestoreHealth_Spell", "Dueling", "0", "0", "0", "65792", "0", "0", "0"
0x001E2C17, "EnvironmentalConditioning_Spell_Rank2", "Env Conditioning", "0", "1", "4", "0", "0", "0", "0"
0x001E2C18, "EnvironmentalConditioning_Spell_Rank3", "Env Conditioning", "0", "1", "4", "0", "0", "0", "0"
0x001E2C19, "EnvironmentalConditioning_Spell_Rank4", "Env Conditioning", "0", "1", "4", "0", "0", "0", "0"
0x001E325A, "PerkSneakInvisibility", "Invisibility", "0", "0", "0", "65792", "0", "0", "0"
0x001E715D, "CCT_SpecialPower_Lantern", "Lantern", "50", "524289", "4", "0", "0", "0", "0"
0x001E9B84, "TRP_ElectricityArc_Spell", "Electricity Arc Trap", "10", "524289", "-2147483648", "319", "0", "0", "0"
0x001E9BD5, "CCT_SpecialPower_Ghost", "Ghost", "50", "1", "4", "0", "0", "0", "0"
0x001E9BD6, "CCT_SpecialPower_Mimic", "Mimic", "50", "1", "0", "256", "0", "0", "0"
0x001EBABF, "abModScopedMoveSpeed", "Scoped Movement Decrease", "0", "0", "4", "0", "0", "0", "0"
0x001F764F, "ENV_DMG_Water_Spell_OBSOLETE", "Water (OBSOLETE)", "0", "0", "1", "0", "0", "0", "0"
0x001FAC9F, "SpaceDistortionCloudHazardSpell", "Distortion Field", "0", "0", "0", "65792", "0", "0", "0"
0x001FACDD, "SpaceStormCloudHazardSpell", "EM Field", "0", "0", "0", "65792", "0", "0", "0"
0x001FAD58, "SpaceStormBolt", "EM Surge", "0", "0", "0", "256", "0", "0", "0"
0x00200B22, "CCT_HitSpell_Burn", "CCT_HitSpell_Burn", "0", "0", "0", "65792", "0", "0", "0"
0x00207F18, "DamageShipShieldsSpell", "Damage Health", "0", "0", "0", "65792", "0", "0", "0"
0x002080EF, "DamageShipHullSpell", "Damage Health", "0", "0", "0", "65792", "0", "0", "0"
0x0020E2DE, "ENV_AFFL_Symptom_Crippled_Reminder", "Crippled", "0", "0", "0", "196864", "0", "0", "0"
0x0020FD06, "ArtifactPowerParallelSelf_DummySpell", "Parallel Self Dummy Spell", "0", "1048576", "0", "256", "0", "0", "0"
0x0020FD08, "ArtifactPowerInnerDemon_DummySpell", "Inner Demon Dummy Effect", "0", "1048576", "0", "256", "0", "0", "0"
0x00210438, "ShipAbilityBuffReactor_02", "ShipAbilityBuffReactor 02", "0", "0", "4", "0", "0", "0", "0"
0x00210439, "ShipAbilityBuffReactor_03", "ShipAbilityBuffReactor 03", "0", "0", "4", "0", "0", "0", "0"
0x0021043A, "ShipAbilityBuffReactor_04", "ShipAbilityBuffReactor 04", "0", "0", "4", "0", "0", "0", "0"
0x0021B8D6, "Crew_HealthIncrease03", "", "0", "3145728", "4", "0", "0", "0", "0"
0x0021B8D7, "Crew_HealthIncrease02", "", "0", "3145728", "4", "0", "0", "0", "0"
0x0021B8D8, "Crew_HealthIncrease01", "", "0", "3145728", "4", "0", "0", "0", "0"
0x0021BB13, "ENV_DMG_Thermal_Cold_AppliedSpell_Lingering", "Extreme Cold", "0", "0", "0", "196864", "0", "0", "0"
0x0021BBD0, "ENV_DMG_Radiation_RadioactiveGas_Hazard_Spell", "Radioactive Gas Hazard", "0", "0", "0", "66048", "0", "0", "0"
0x0021BBEA, "ENV_DMG_Corrosive_CorrosiveGas_Hazard_Spell", "Corrosive Gas Hazard", "0", "0", "0", "66048", "0", "0", "0"
0x0021C44E, "GEN_PointGravity_LG", "Point Gravity Source Large", "0", "1", "0", "262400", "0", "0", "0"
0x0021C90D, "LC088_DefensiveBatteryFireProjectileSpell", "", "68", "0", "0", "131328", "0", "0", "0"
0x0021E67D, "LC088_DefensiveBatteryRegenSpell", "", "0", "0", "4", "0", "0", "0", "0"
0x002218DD, "ENV_DMG_Thermal_Cold_AppliedSpell_Momentary", "Extreme Cold", "0", "0", "0", "196864", "0", "0", "0"
0x002218E1, "ENV_DMG_Radiation_AppliedSpell_Lingering", "Radiation", "0", "0", "0", "196864", "0", "0", "0"
0x002218E2, "ENV_DMG_Radiation_AppliedSpell_Momentary", "Radiation", "0", "0", "0", "196864", "0", "0", "0"
0x002218E6, "ENV_DMG_Corrosive_AppliedSpell_Lingering", "Corrosive Substance", "0", "0", "0", "196864", "0", "0", "0"
0x002218E7, "ENV_DMG_Corrosive_AppliedSpell_Momentary", "Corrosive Substance", "0", "0", "0", "196864", "0", "0", "0"
0x002218E9, "ENV_DMG_Radiation_Electricity_AppliedSpell_Lingering", "Electrical Shock", "0", "0", "0", "196864", "0", "0", "0"
0x002218EA, "ENV_DMG_Radiation_Electricity_AppliedSpell_Momentary", "Electrical Shock", "0", "0", "0", "196864", "0", "0", "0"
0x002218ED, "ENV_DMG_Corrosive_ToxicSubstance_AppliedSpell_Lingering", "Toxic Substance", "0", "0", "0", "196864", "0", "0", "0"
0x002218EF, "ENV_DMG_Corrosive_ToxicSubstance_AppliedSpell_Momentary", "Toxic Substance", "0", "0", "0", "196864", "0", "0", "0"
0x00222E72, "ReconMod_Spell", "Recon Targeting Mod Spell", "0", "0", "0", "65792", "0", "0", "0"
0x002268D1, "abPerkShieldSystems02", "Shield Systems", "0", "0", "4", "0", "0", "0", "0"
0x00226A11, "abPerkShieldSystems03", "Shield Systems", "0", "0", "4", "0", "0", "0", "0"
0x00226A12, "abPerkShieldSystems04", "Shield Systems", "0", "0", "4", "0", "0", "0", "0"
0x00226A2A, "CCT_Env_HitSpell_AFFL_Chance_Injury_Poisoning", "Poisoning Chance for Creatures", "0", "0", "0", "65792", "0", "0", "0"
0x00226A2B, "CCT_Env_HitSpell_AFFL_Chance_Injury_Burns", "Burns Chance for Creatures", "0", "0", "0", "65792", "0", "0", "0"
0x00226A2C, "CCT_Env_HitSpell_AFFL_Chance_Injury_Frostbite", "Frostbite Chance for Creatures", "0", "0", "0", "65792", "0", "0", "0"
0x00228EA1, "abWellnessFortifyHealth02", "Wellness", "0", "0", "4", "0", "0", "0", "0"
0x00228EA2, "abWellnessFortifyHealth03", "Wellness", "0", "0", "4", "0", "0", "0", "0"
0x00228EA3, "abWellnessFortifyHealth04", "Wellness", "0", "0", "4", "0", "0", "0", "0"
0x002339B2, "Boostpack_Knockdown_Spell", "Boostpack Knockdown", "0", "524289", "0", "65792", "0", "0", "0"
0x00233C0C, "CCT_Enviro_Gassy_Ability", "Gassy Ability", "0", "1048577", "4", "0", "0", "0", "0"
0x0023759C, "abPerkShieldSystems01", "Shield Systems", "0", "0", "4", "0", "0", "0", "0"
0x0023AF02, "AIPower_VoidForm", "Void Form", "10", "1", "0", "256", "0", "0", "0"
0x0023AF03, "AIPower_Supernova", "Supernova", "20", "1", "0", "256", "0", "0", "0"
0x0023AF04, "AIPower_SunlessSpace", "Sunless Space", "15", "1", "0", "131328", "0", "0", "0"
0x0023AF05, "AIPower_SolarFlare", "Solar Flare", "10", "1", "0", "131328", "0", "0", "0"
0x0023AF06, "AIPower_ReactiveShield", "Reactive Shield", "15", "1", "0", "256", "0", "0", "0"
0x0023AF07, "AIPower_ParticleBeam", "Particle Beam", "5", "1", "0", "131328", "0", "0", "0"
0x0023AF08, "AIPower_ParallelSelf", "Parallel Self", "20", "1", "0", "256", "0", "0", "0"
0x0023AF09, "AIPower_MoonForm", "Moon Form", "15", "1", "0", "256", "0", "0", "0"
0x0023AF0A, "AIPower_LifeForced", "Life Forced", "10", "1", "0", "131328", "0", "0", "0"
0x0023AF0B, "AIPower_InnerDemon", "Inner Demon", "15", "1048577", "0", "131328", "0", "0", "0"
0x0023AF0C, "AIPower_GravWave", "Gravity Wave", "10", "524289", "-2147483648", "131391", "0", "0", "0"
0x0023AF0D, "AIPower_GravDash", "Grav Dash", "5", "1", "0", "256", "0", "0", "0"
0x0023AF0E, "AIPower_CreatorsPeace", "Creators' Peace", "10", "1", "0", "262400", "0", "4376576", "0"
0x0023AF0F, "AIPower_CreateVacuum", "Create Vacuum", "10", "524289", "0", "262400", "0", "0", "0"
0x0023AF10, "AIPower_AlienReanim", "Alien Reanimation", "15", "1", "0", "131328", "0", "0", "0"
0x0023B921, "abCrew_Stealth_Concealment_01", "Crew Stealth - Chameleon", "0", "0", "4", "0", "0", "0", "0"
0x0023B924, "Trait_AlienDNA_Ability", "Alien DNA", "0", "0", "4", "0", "0", "0", "0"
0x0023BE19, "ENV_DMG_SuitIntegrityFailure_Ability", "Suit Integrity Failure", "0", "0", "4", "0", "0", "0", "0"
0x0023C7C8, "ENV_RestoreDamage_Ability", "Restore Environmental Damage", "0", "0", "4", "0", "0", "0", "0"
0x0023DDFC, "ENV_PlayerOxygenAdjustment_Ability", "Oxygen Adjustment", "0", "0", "4", "0", "0", "0", "0"
0x0023F94C, "CrTerrormorphMindControlPlayer", "Mind Control", "15", "3670017", "0", "131328", "0", "0", "0"
0x0024021D, "CCT_Scan_Thorned_P", "Thorned", "0", "0", "4", "0", "0", "0", "0"
0x0024301B, "DamageDamageResistanceSpell", "Damage Damage Resistance", "0", "3145728", "0", "65792", "0", "-1811939328", "10207"
0x00245B6B, "ENV_DMG_Airborne_ToxicGas_Hazard_Spell", "Toxic Gas Hazard", "0", "0", "0", "66048", "0", "0", "0"
0x0024685C, "Gymnastics_Rank4_Sliding_Spell", "Gymnastics Rank4 Speed + 02", "0", "0", "0", "65792", "0", "0", "0"
0x00248D1F, "ENV_RestoreSoak_Ability", "Protection Regenerating", "0", "1", "4", "0", "0", "0", "0"
0x00248D2B, "ENV_DMG_Thermal_Heat_Hazard_Spell", "Extreme Heat Hazard", "0", "0", "0", "66048", "0", "0", "0"
0x0024B880, "abFitness_Oxygen_01", "Fitness Oxygen Bonus", "0", "0", "4", "0", "0", "0", "0"
0x0024B881, "abFitness_Oxygen_02", "Fitness Oxygen Bonus", "0", "0", "4", "0", "0", "0", "0"
0x0024B882, "abFitness_Oxygen_03", "Fitness Oxygen Bonus", "0", "0", "4", "0", "0", "0", "0"
0x0024B883, "abFitness_Oxygen_04", "Fitness Oxygen Bonus", "0", "0", "4", "0", "0", "0", "0"
0x0024B8A3, "CCT_Env_HitSpell_AFFL_Chance_Injury_Lacerations", "Lacerations Chance for Creatures with Bleed Mod", "0", "0", "0", "65792", "0", "0", "0"
0x0024EF1F, "Crit_LaserWeapDisintegrateSpell", "", "0", "1310720", "0", "256", "0", "0", "0"
0x002512CD, "ENV_DMG_Water_Ability_Microbial", "Microbial Contamination", "0", "0", "1", "0", "0", "0", "0"
0x00255C9E, "CCT_abReflectDamage", "CCT_abReflectDamage", "0", "0", "4", "0", "0", "0", "0"
0x00255C9F, "CCT_HitSpell_Oxygen", "O2 Damage from Creature Attack", "0", "0", "0", "65792", "0", "0", "0"
0x00255CA0, "CCT_abRegenHealthSlow", "CCT_abRegenHealthSlow", "0", "0", "4", "0", "0", "0", "0"
0x00255CA1, "CCT_abRegenHealthFast", "CCT_abRegenHealthFast", "0", "0", "4", "0", "0", "0", "0"
0x00255CA2, "CCT_HitSpell_Stagger", "CCT_HitSpell_Stagger", "0", "0", "0", "65792", "0", "0", "0"
0x00255D8F, "CCT_HitSpell_Poison", "CCT_HitSpell_Poison", "0", "0", "0", "65792", "0", "0", "0"
0x00257C41, "ArtifactPowerCreatorsPeace_Disarm", "Creators' Peace Disarm", "0", "1048577", "0", "66048", "0", "0", "0"
0x00259F1E, "ENV_DMG_Water_Ability_HeavyMetal", "Toxic Metals", "0", "0", "1", "0", "0", "0", "0"
0x0025E14D, "ArtifactPower_GrantSpell_Void_Form", "Grant Power: Void Form", "0", "1", "0", "256", "0", "0", "0"
0x0025E14E, "ArtifactPower_GrantSpell_Super_nova", "Grant Power: Supernova", "0", "1", "0", "256", "0", "0", "0"
0x0025E14F, "ArtifactPower_GrantSpell_Sunless_Space", "Grant Power: Sunless Space", "0", "1", "0", "256", "0", "0", "0"
0x0025E150, "ArtifactPower_GrantSpell_Solar_Flare", "Grant Power: Solar Flare", "0", "1", "0", "256", "0", "0", "0"
0x0025E151, "ArtifactPower_GrantSpell_Sense_Star_Stuff", "Grant Power: Sense Star Stuff", "0", "1", "0", "256", "0", "0", "0"
0x0025E152, "ArtifactPower_GrantSpell_Reactive_Shield", "Grant Power: Reactive Shield", "0", "1", "0", "256", "0", "0", "0"
0x0025E153, "ArtifactPower_GrantSpell_Precognition", "Grant Power: Precognition", "0", "1", "0", "256", "0", "0", "0"
0x0025E154, "ArtifactPower_GrantSpell_Phased_Time", "Grant Power: Phased Time", "0", "1", "0", "256", "0", "0", "0"
0x0025E155, "ArtifactPower_GrantSpell_Personal_Atmosphere", "Grant Power: Personal Atmosphere", "0", "1", "0", "256", "0", "0", "0"
0x0025E156, "ArtifactPower_GrantSpell_Particle_Beam", "Grant Power: Particle Beam", "0", "1", "0", "256", "0", "0", "0"
0x0025E157, "ArtifactPower_GrantSpell_Parallel_Self", "Grant Power: Parallel Self", "0", "1", "0", "256", "0", "0", "0"
0x0025E158, "ArtifactPower_GrantSpell_Moon_Form", "Grant Power: Moonform", "0", "1", "0", "256", "0", "0", "0"
0x0025E159, "ArtifactPower_GrantSpell_Life_Forced", "Grant Power: Life Forced", "0", "1", "0", "256", "0", "0", "0"
0x0025E15A, "ArtifactPower_GrantSpell_Inner_Demon", "Grant Power: Inner Demon", "0", "1", "0", "256", "0", "0", "0"
0x0025E15B, "ArtifactPower_GrantSpell_Grav_Well", "Grant Power: Grav Well", "0", "1", "0", "256", "0", "0", "0"
0x0025E15C, "ArtifactPower_GrantSpell_Grav_Wave", "Grant Power: Grav Wave", "0", "1", "0", "256", "0", "0", "0"
0x0025E15D, "ArtifactPower_GrantSpell_Grav_Dash", "Grant Power: Grav Dash", "0", "1", "0", "256", "0", "0", "0"
0x0025E15E, "ArtifactPower_GrantSpell_Eternal_Harvest", "Grant Power: Eternal Harvest", "0", "1", "0", "256", "0", "0", "0"
0x0025E15F, "ArtifactPower_GrantSpell_Elemental_Blast", "Grant Power: Elemental Pull", "0", "1", "0", "256", "0", "0", "0"
0x0025E160, "ArtifactPower_GrantSpell_Earth_bound", "Grant Power: Earthbound", "0", "1", "0", "256", "0", "0", "0"
0x0025E161, "ArtifactPower_GrantSpell_Creators_Peace", "Grant Power: Creators' Peace", "0", "1", "0", "256", "0", "0", "0"
0x0025E162, "ArtifactPower_GrantSpell_Create_Vacuum", "Grant Power: Create Vacuum", "0", "1", "0", "256", "0", "0", "0"
0x0025E163, "ArtifactPower_GrantSpell_Anti-Gravity_Field", "Grant Power: Anti-Gravity Field", "0", "1", "0", "256", "0", "0", "0"
0x0025E164, "ArtifactPower_GrantSpell_Alien_Reanimation", "Grant Power: Alien Reanimation", "0", "1", "0", "256", "0", "0", "0"
0x002638B1, "Scanner_SocialSkill_Manipulation", "Manipulation", "0", "1048577", "0", "196864", "0", "0", "0"
0x002638B2, "Scanner_SocialSkill_Intimidation", "Intimidation", "0", "1048577", "0", "196864", "0", "0", "0"
0x002638B3, "Scanner_SocialSkill_Instigation", "Instigation", "0", "1048577", "0", "196864", "0", "0", "0"
0x002638B4, "Scanner_SocialSkill_Diplomacy", "Diplomacy", "0", "1048577", "0", "196864", "0", "0", "0"
0x00268D35, "Addiction_Stimulants", "Stimulants Addiction", "0", "0", "10", "0", "0", "0", "0"
0x0026C228, "Debug_LC088_Vigilance_CaptainBuffPerkAbility", "TEST LC088 Buff", "0", "0", "4", "0", "0", "0", "0"
0x00277AC1, "abComSpike_TargetLockTime", "ComSpike Target Lock Time", "0", "0", "4", "0", "0", "0", "0"
0x00277B96, "abConductionGrid_RegenRate", "Conduction Grid Regen Rate", "0", "0", "4", "0", "0", "0", "0"
0x0027DF92, "PerkSharpshooter", "Disarm", "0", "0", "0", "65792", "0", "0", "0"
0x0027FAC7, "CCT_Spell_ExplodeOnDeath", "Explode on Death Spell", "0", "1310720", "4", "196864", "0", "0", "0"
0x00281ECB, "ENV_Weather_Rain_Corrosive", "Corrosive Rain", "0", "0", "1", "0", "0", "0", "0"
0x00281ECD, "ENV_Weather_Rain_Scalding", "Scalding Rain", "0", "0", "1", "0", "0", "0", "0"
0x00281ECF, "ENV_Weather_Warning_Corrosive", "Incoming Weather", "0", "0", "1", "0", "0", "0", "0"
0x00281ED2, "ENV_Weather_Warning_Thermal", "Incoming Weather", "0", "0", "1", "0", "0", "0", "0"
0x00285E40, "abCrewAstrodynamics_01", "", "0", "0", "4", "0", "0", "0", "0"
0x00285E42, "abCrewAstrodynamics_02", "", "0", "0", "4", "0", "0", "0", "0"
0x00285E43, "abCrewAstrodynamics_03", "", "0", "0", "4", "0", "0", "0", "0"
0x0028B1EC, "Crew_Weightlifting_Rank02", "Crew Weightlifting Rank 2 spell", "0", "0", "4", "0", "0", "0", "0"
0x0028B1ED, "Crew_Weightlifting_Rank01", "Crew Weightlifting Rank 1 spell", "0", "0", "4", "0", "0", "0", "0"
0x0028B1EE, "Crew_Weightlifting_Rank03", "Crew Weightlifting Rank 3 spell", "0", "0", "4", "0", "0", "0", "0"
0x00298B28, "abAddPerkFollowerStealth", "Follower Stealth", "0", "0", "4", "0", "0", "0", "0"
0x0029AAE9, "DamageHealthSpell", "Damage Health", "0", "0", "0", "65792", "0", "0", "0"
0x002A4861, "Gymnastics_ZeroG_Speed_Spell", "Gymnastics Zero-G Speed", "0", "0", "4", "0", "0", "0", "0"
0x002B4108, "PerkNervePunch", "Nerve Punch", "0", "0", "0", "65792", "0", "0", "0"
0x002BACB4, "ArtifactPowerEternalHarvest_Spell", "Eternal Harvest", "25", "524289", "0", "256", "0", "0", "0"
0x002BACB5, "ArtifactPowerEarthbound_Spell", "Earthbound", "15", "1", "0", "256", "0", "0", "0"
0x002BACB6, "ArtifactPowerReactiveShield_Spell", "Reactive Shield", "35", "1", "0", "256", "0", "0", "0"
0x002BACB7, "ArtifactPowerGravWell_Spell", "Gravity Well", "45", "1572865", "0", "131328", "0", "0", "0"
0x002BACBA, "ArtifactPowerAntiGravityField_Spell", "Anti-Gravity Field", "45", "524289", "0", "262400", "0", "0", "0"
0x002BCFEC, "ENV_SystemAlert_EffectDescriptions_OBSOLETE", "System Alert", "0", "0", "4", "0", "0", "0", "0"
0x002BCFFB, "Leadership_EmergencyAid_Spell", "Leadership Emergency Aid", "0", "262145", "4", "0", "0", "0", "0"
0x002BD9BB, "ENV_AFFL_Injury_PunctureWounds_3", "Puncture Wounds (Severe)", "0", "0", "4", "0", "0", "0", "0"
0x002BDCC6, "ENV_AFFL_Afflictions_Ability", "Afflictions (Hidden From Player)", "0", "0", "4", "0", "0", "0", "0"
0x002BDCE4, "ENV_AFFL_Injury_LungDamage_3", "Lung Damage (Severe)", "0", "0", "4", "0", "0", "0", "0"
0x002BDCE7, "ENV_AFFL_Injury_Frostbite_3", "Frostbite (Severe)", "0", "0", "4", "0", "0", "0", "0"
0x002BDCE8, "ENV_AFFL_Injury_Contusions_3", "Contusions (Severe)", "0", "0", "4", "0", "0", "0", "0"
0x002BDCE9, "ENV_AFFL_Injury_Lacerations_3", "Lacerations (Severe)", "0", "0", "4", "0", "0", "0", "0"
0x002BDCEA, "ENV_AFFL_Injury_TornMuscle_3", "Torn Muscle (Severe)", "0", "0", "4", "0", "0", "0", "0"
0x002BDCEB, "ENV_AFFL_Injury_FracturedLimb_3", "Fractured Limb (Severe)", "0", "0", "4", "0", "0", "0", "0"
0x002BDCEC, "ENV_AFFL_Injury_FracturedSkull_3", "Fractured Skull (Severe)", "0", "0", "4", "0", "0", "0", "0"
0x002BDCED, "ENV_AFFL_Injury_Concussion_3", "Concussion (Severe)", "0", "0", "4", "0", "0", "0", "0"
0x002BDCEE, "ENV_AFFL_Injury_BrainInjury_3", "Brain Injury (Severe)", "0", "0", "4", "0", "0", "0", "0"
0x002BDCEF, "ENV_AFFL_Injury_Heatstroke_3", "Heatstroke (Severe)", "0", "0", "4", "0", "0", "0", "0"
0x002BDCF0, "ENV_AFFL_Injury_Hypothermia_3", "Hypothermia (Severe)", "0", "0", "4", "0", "0", "0", "0"
0x002BDCF1, "ENV_AFFL_Injury_RadiationPoisoning_3", "Radiation (Severe)", "0", "0", "4", "0", "0", "0", "0"
0x002BDCF2, "ENV_AFFL_Injury_Poisoning_3", "Poisoning (Severe)", "0", "0", "4", "0", "0", "0", "0"
0x002BDCF3, "ENV_AFFL_Injury_DislocatedLimb_3", "Dislocated Limb (Severe)", "0", "0", "4", "0", "0", "0", "0"
0x002BDCF4, "ENV_AFFL_Injury_Sprain_3", "Sprain (Severe)", "0", "0", "4", "0", "0", "0", "0"
0x002BDCF5, "ENV_AFFL_Injury_Hernia_3", "Hernia (Severe)", "0", "0", "4", "0", "0", "0", "0"
0x002BDCF7, "ENV_AFFL_Infection_BoneInfection_3", "Osteomyelitis (Severe)", "0", "0", "4", "0", "0", "0", "0"
0x002BDCF8, "ENV_AFFL_Infection_BrainInfection_3", "Encephalitis (Severe)", "0", "0", "4", "0", "0", "0", "0"
0x002BDCF9, "ENV_AFFL_Infection_IntestinalInfection_3", "Gastroenteritis (Severe)", "0", "0", "4", "0", "0", "0", "0"
0x002BDCFA, "ENV_AFFL_Infection_LungInfection_3", "Pneumonia (Severe)", "0", "0", "4", "0", "0", "0", "0"
0x002BDCFB, "ENV_AFFL_Infection_TissueInfection_3", "Cellulitis (Severe)", "0", "0", "4", "0", "0", "0", "0"
0x002BDCFC, "ENV_AFFL_Infection_BoneInfection_2", "Osteomyelitis (Acute)", "0", "0", "4", "0", "0", "0", "0"
0x002BDCFD, "ENV_AFFL_Infection_BrainInfection_2", "Encephalitis (Acute)", "0", "0", "4", "0", "0", "0", "0"
0x002BDCFE, "ENV_AFFL_Infection_IntestinalInfection_2", "Gastroenteritis (Acute)", "0", "0", "4", "0", "0", "0", "0"
0x002BDCFF, "ENV_AFFL_Infection_LungInfection_2", "Pneumonia (Acute)", "0", "0", "4", "0", "0", "0", "0"
0x002BDD00, "ENV_AFFL_Infection_TissueInfection_2", "Cellulitis (Acute)", "0", "0", "4", "0", "0", "0", "0"
0x002BDD01, "ENV_AFFL_Injury_BrainInjury_2", "Brain Injury (Acute)", "0", "0", "4", "0", "0", "0", "0"
0x002BDD02, "ENV_AFFL_Injury_Burns_2", "Burns (Acute)", "0", "0", "4", "0", "0", "0", "0"
0x002BDD03, "ENV_AFFL_Injury_Concussion_2", "Concussion (Acute)", "0", "0", "4", "0", "0", "0", "0"
0x002BDD04, "ENV_AFFL_Injury_Contusions_2", "Contusions (Acute)", "0", "0", "4", "0", "0", "0", "0"
0x002BDD05, "ENV_AFFL_Injury_DislocatedLimb_2", "Dislocated Limb (Acute)", "0", "0", "4", "0", "0", "0", "0"
0x002BDD06, "ENV_AFFL_Injury_FracturedLimb_2", "Fractured Limb (Acute)", "0", "0", "4", "0", "0", "0", "0"
0x002BDD07, "ENV_AFFL_Injury_FracturedSkull_2", "Fractured Skull (Acute)", "0", "0", "4", "0", "0", "0", "0"
0x002BDD08, "ENV_AFFL_Injury_Frostbite_2", "Frostbite (Acute)", "0", "0", "4", "0", "0", "0", "0"
0x002BDD09, "ENV_AFFL_Injury_Heatstroke_2", "Heatstroke (Acute)", "0", "0", "4", "0", "0", "0", "0"
0x002BDD0A, "ENV_AFFL_Injury_Hernia_2", "Hernia (Acute)", "0", "0", "4", "0", "0", "0", "0"
0x002BDD0B, "ENV_AFFL_Injury_Hypothermia_2", "Hypothermia (Acute)", "0", "0", "4", "0", "0", "0", "0"
0x002BDD0C, "ENV_AFFL_Injury_Lacerations_2", "Lacerations (Acute)", "0", "0", "4", "0", "0", "0", "0"
0x002BDD0D, "ENV_AFFL_Injury_LungDamage_2", "Lung Damage (Acute)", "0", "0", "4", "0", "0", "0", "0"
0x002BDD0E, "ENV_AFFL_Injury_Poisoning_2", "Poisoning (Acute)", "0", "0", "4", "0", "0", "0", "0"
0x002BDD0F, "ENV_AFFL_Injury_PunctureWounds_2", "Puncture Wounds (Acute)", "0", "0", "4", "0", "0", "0", "0"
0x002BDD10, "ENV_AFFL_Injury_RadiationPoisoning_2", "Radiation (Acute)", "0", "0", "4", "0", "0", "0", "0"
0x002BDD11, "ENV_AFFL_Injury_Sprain_2", "Sprain (Acute)", "0", "0", "4", "0", "0", "0", "0"
0x002BDD12, "ENV_AFFL_Injury_TornMuscle_2", "Torn Muscle (Acute)", "0", "0", "4", "0", "0", "0", "0"
0x002BDD13, "ENV_AFFL_Infection_BoneInfection_1", "Osteomyelitis", "0", "0", "4", "0", "0", "0", "0"
0x002BDD14, "ENV_AFFL_Infection_BrainInfection_1", "Encephalitis", "0", "0", "4", "0", "0", "0", "0"
0x002BDD15, "ENV_AFFL_Infection_IntestinalInfection_1", "Gastroenteritis", "0", "0", "4", "0", "0", "0", "0"
0x002BDD16, "ENV_AFFL_Infection_LungInfection_1", "Pneumonia", "0", "0", "4", "0", "0", "0", "0"
0x002BDD17, "ENV_AFFL_Infection_TissueInfection_1", "Cellulitis", "0", "0", "4", "0", "0", "0", "0"
0x002BDD18, "ENV_AFFL_Injury_BrainInjury_1", "Brain Injury", "0", "0", "4", "0", "0", "0", "0"
0x002BDD19, "ENV_AFFL_Injury_Burns_1", "Burns", "0", "0", "4", "0", "0", "0", "0"
0x002BDD1A, "ENV_AFFL_Injury_Concussion_1", "Concussion", "0", "0", "4", "0", "0", "0", "0"
0x002BDD1B, "ENV_AFFL_Injury_Contusions_1", "Contusions", "0", "0", "4", "0", "0", "0", "0"
0x002BDD1C, "ENV_AFFL_Injury_DislocatedLimb_1", "Dislocated Limb", "0", "0", "4", "0", "0", "0", "0"
0x002BDD1D, "ENV_AFFL_Injury_FracturedLimb_1", "Fractured Limb", "0", "0", "4", "0", "0", "0", "0"
0x002BDD1E, "ENV_AFFL_Injury_FracturedSkull_1", "Fractured Skull", "0", "0", "4", "0", "0", "0", "0"
0x002BDD1F, "ENV_AFFL_Injury_Frostbite_1", "Frostbite", "0", "0", "4", "0", "0", "0", "0"
0x002BDD20, "ENV_AFFL_Injury_Heatstroke_1", "Heatstroke", "0", "0", "4", "0", "0", "0", "0"
0x002BDD21, "ENV_AFFL_Injury_Hernia_1", "Hernia", "0", "0", "4", "0", "0", "0", "0"
0x002BDD22, "ENV_AFFL_Injury_Hypothermia_1", "Hypothermia", "0", "0", "4", "0", "0", "0", "0"
0x002BDD23, "ENV_AFFL_Injury_Lacerations_1", "Lacerations", "0", "0", "4", "0", "0", "0", "0"
0x002BDD24, "ENV_AFFL_Injury_LungDamage_1", "Lung Damage", "0", "0", "4", "0", "0", "0", "0"
0x002BDD25, "ENV_AFFL_Injury_Poisoning_1", "Poisoning", "0", "0", "4", "0", "0", "0", "0"
0x002BDD26, "ENV_AFFL_Injury_PunctureWounds_1", "Puncture Wounds", "0", "0", "4", "0", "0", "0", "0"
0x002BDD27, "ENV_AFFL_Injury_RadiationPoisoning_1", "Radiation", "0", "0", "4", "0", "0", "0", "0"
0x002BDD28, "ENV_AFFL_Injury_Sprain_1", "Sprain", "0", "0", "4", "0", "0", "0", "0"
0x002BDD29, "ENV_AFFL_Injury_TornMuscle_1", "Torn Muscle", "0", "0", "4", "0", "0", "0", "0"
0x002C5387, "ArtifactPowerSupernova_Spell", "Supernova", "45", "524289", "0", "256", "0", "0", "0"
0x002C5388, "ArtifactPowerSunlessSpace_Spell", "Sunless Space", "35", "524289", "0", "131328", "0", "0", "0"
0x002C5389, "ArtifactPowerPersonalAtmo_Spell", "Personal Atmosphere", "45", "1", "0", "256", "0", "0", "0"
0x002C538A, "ArtifactPowerPrecognition_Spell", "Precognition", "35", "524289", "0", "256", "0", "0", "0"
0x002C538B, "ArtifactPowerLifeForced_Spell", "Life Forced", "25", "1", "0", "131328", "0", "0", "0"
0x002C538C, "ArtifactPowerGravDash_Spell", "Grav Dash", "15", "1", "0", "256", "0", "0", "0"
0x002C538D, "ArtifactPowerCreatorsPeace_Spell", "Creators' Peace", "25", "1048577", "0", "262400", "0", "4376576", "0"
0x002C538F, "ArtifactPowerAlienReanim_Spell", "Alien Reanimation", "35", "1", "0", "131328", "0", "0", "0"
0x002C5390, "ArtifactPowerCreateVacuum_Spell", "Create Vacuum", "25", "1572865", "0", "262400", "0", "0", "0"
0x002C5391, "ArtifactPowerElementalBlast_Spell", "Elemental Pull", "25", "1572865", "0", "256", "0", "0", "0"
0x002C5399, "ArtifactPowerInnerDemon_Spell", "Inner Demon", "35", "1048577", "0", "131328", "0", "0", "0"
0x002C5A4E, "ArtifactPowerMoonForm_Spell", "Moon Form", "35", "1", "0", "256", "0", "0", "0"
0x002C5A53, "ArtifactPowerVoidForm_Spell", "Void Form", "45", "1", "0", "256", "0", "0", "0"
0x002C5A54, "ArtifactPowerSenseStarStuff_Spell", "Sense Star Stuff", "15", "524289", "0", "256", "0", "0", "0"
0x002C5A59, "ArtifactPowerSolarFlare_Spell", "Solar Flare", "25", "524289", "0", "131328", "0", "0", "0"
0x002C5A62, "ArtifactPowerGravWave_Spell", "Gravity Wave", "25", "524289", "0", "131328", "0", "0", "0"
0x002C5A63, "ArtifactPowerPhasedTime_Spell", "Phased Time", "45", "1", "0", "256", "0", "0", "0"
0x002C5A66, "ArtifactPowerParticleBeam_Spell", "Particle Beam", "15", "1", "0", "131328", "0", "0", "0"
0x002C5A67, "ArtifactPowerParallelSelf_Spell", "Parallel Self", "45", "1", "0", "256", "0", "0", "0"
0x002CCF94, "abTargetingControlSystems_TargetLockTime_02", "Target Lock Time 02", "0", "0", "4", "0", "0", "0", "0"
0x002CCF95, "abTargetingControlSystems_TargetLockTime_03", "Target Lock Time 03", "0", "0", "4", "0", "0", "0", "0"
0x002CE19E, "ShipCrewAbilityBuffEngine_01", "ShipCrewAbilityBuffEngine", "0", "0", "4", "0", "0", "0", "0"
0x002D82F7, "Scanner_SocialSkill_TargetMarker", "", "0", "1048577", "0", "196864", "0", "0", "0"
0x002DBEFB, "CCT_abFortifyHealthLargeCreature", "CCT_abFortifyHealthLargeCreature", "0", "3145728", "4", "0", "0", "0", "0"
0x002DC0CE, "Boostpack_Knockdown_Visual_Spell", "Boostpack Knockdown Visual Spell", "0", "786433", "0", "65792", "0", "0", "0"
0x002DC2A8, "SQ_EarthquakeStagger", "Stagger", "20", "524289", "0", "256", "0", "0", "0"
0x002E8153, "ENV_AFFL_Injury_Burns_3", "Burns (Severe)", "0", "0", "4", "0", "0", "0", "0"
0x002ED9E2, "Env_HitSpell_AFFL_Chance_AAA", "AAA Chance", "0", "0", "0", "65792", "0", "0", "0"
0x002ED9E3, "Env_HitSpell_AFFL_Chance_Infection_BoneInfection", "Bone Infection Chance", "0", "0", "0", "65792", "0", "0", "0"
0x002ED9E4, "Env_HitSpell_AFFL_Chance_Infection_BrainInfection", "Brain Infection Chance", "0", "0", "0", "65792", "0", "0", "0"
0x002ED9E5, "Env_HitSpell_AFFL_Chance_Infection_IntestinalInfection", "Intestinal Infection Chance", "0", "0", "0", "65792", "0", "0", "0"
0x002ED9E6, "Env_HitSpell_AFFL_Chance_Infection_LungInfection", "Lung Infection Chance", "0", "0", "0", "65792", "0", "0", "0"
0x002ED9E7, "Env_HitSpell_AFFL_Chance_Infection_TissueInfection", "Tissue Infection Chance", "0", "0", "0", "65792", "0", "0", "0"
0x002ED9E8, "Env_HitSpell_AFFL_Chance_Injury_BrainInjury", "Brain Injury Chance", "0", "0", "0", "65792", "0", "0", "0"
0x002ED9E9, "Env_HitSpell_AFFL_Chance_Injury_Burns", "Burns Chance", "0", "0", "0", "65792", "0", "0", "0"
0x002ED9EA, "Env_HitSpell_AFFL_Chance_Injury_Concussion", "Concussion Chance", "0", "0", "0", "65792", "0", "0", "0"
0x002ED9EB, "Env_HitSpell_AFFL_Chance_Injury_Contusions", "Contusions Chance", "0", "0", "0", "65792", "0", "0", "0"
0x002ED9EC, "Env_HitSpell_AFFL_Chance_Injury_DislocatedLimb", "Dislocated Limb Chance", "0", "0", "0", "65792", "0", "0", "0"
0x002ED9ED, "Env_HitSpell_AFFL_Chance_Injury_FracturedLimb", "Fractured Limb Chance", "0", "0", "0", "65792", "0", "0", "0"
0x002ED9EE, "Env_HitSpell_AFFL_Chance_Injury_FracturedSkull", "Fractured Skull Chance", "0", "0", "0", "65792", "0", "0", "0"
0x002ED9EF, "Env_HitSpell_AFFL_Chance_Injury_Frostbite", "Frostbite Chance", "0", "0", "0", "65792", "0", "0", "0"
0x002ED9F0, "Env_HitSpell_AFFL_Chance_Injury_Heatstroke", "Heatstroke Chance", "0", "0", "0", "65792", "0", "0", "0"
0x002ED9F1, "Env_HitSpell_AFFL_Chance_Injury_Hernia", "Hernia Chance", "0", "0", "0", "65792", "0", "0", "0"
0x002ED9F2, "Env_HitSpell_AFFL_Chance_Injury_Hypothermia", "Hypothermia Chance", "0", "0", "0", "65792", "0", "0", "0"
0x002ED9F3, "Env_HitSpell_AFFL_Chance_Injury_Lacerations", "Lacerations Chance", "0", "0", "0", "65792", "0", "0", "0"
0x002ED9F4, "Env_HitSpell_AFFL_Chance_Injury_LungDamage", "Lung Damage Chance", "0", "0", "0", "65792", "0", "0", "0"
0x002ED9F5, "Env_HitSpell_AFFL_Chance_Injury_Poisoning", "Poisoning Chance", "0", "0", "0", "65792", "0", "0", "0"
0x002ED9F6, "Env_HitSpell_AFFL_Chance_Injury_PunctureWounds", "Puncture Wounds Chance", "0", "0", "0", "65792", "0", "0", "0"
0x002ED9F7, "Env_HitSpell_AFFL_Chance_Injury_RadiationPoisoning", "Radiation Poisoning Chance", "0", "0", "0", "65792", "0", "0", "0"
0x002ED9F8, "Env_HitSpell_AFFL_Chance_Injury_Sprain", "Sprain Chance", "0", "0", "0", "65792", "0", "0", "0"
0x002ED9F9, "Env_HitSpell_AFFL_Chance_Injury_TornMuscle", "Torn Muscle Chance", "0", "0", "0", "65792", "0", "0", "0"
0x002EDE58, "Legendary_Pack_AssistedCarry", "Assisted Carry Spell", "0", "0", "4", "0", "0", "0", "0"
0x002EF5CA, "ArtifactPower_AntiGravityFieldHazard_Spell", "Anti Gravity Hazard", "0", "524288", "0", "66048", "0", "0", "0"
0x002F413B, "ShotgunCert_PerkStunSpell", "Stun", "0", "1048576", "0", "65792", "0", "0", "0"
0x002F9A01, "WeaponReward_Ember_BackfireDmg", "Backfire DMG", "0", "1", "0", "256", "0", "0", "0"
0x002FE0C1, "AbMQ101ModIncomingDamageFromPirates", "", "0", "0", "4", "0", "0", "0", "0"
0x00303979, "ENV_AFFL_Symptom_Cough_DmgOxygen", "Cough", "0", "0", "0", "256", "0", "0", "0"
0x0030397F, "ENV_AFFL_Symptom_Bleeding_Reminder", "Bleeding", "0", "0", "0", "196864", "0", "0", "0"
0x0030399A, "ENV_AFFL_Symptom_Cramping_Reminder", "Cramping", "0", "0", "0", "196864", "0", "0", "0"
0x0030399C, "ENV_AFFL_Symptom_DifficultyBreathing_Reminder", "Difficulty Breathing", "0", "0", "0", "196864", "0", "0", "0"
0x003039A4, "ENV_AFFL_Symptom_InternalBleeding_DmgHealth", "Internal Bleeding", "0", "0", "0", "256", "0", "0", "0"
0x003039A7, "ENV_AFFL_Symptom_JointPain_Reminder", "Joint Pain", "0", "0", "0", "196864", "0", "0", "0"
0x003039A9, "ENV_AFFL_Symptom_Migraine_Reminder", "Migraine", "0", "0", "0", "196864", "0", "0", "0"
0x003039AB, "ENV_AFFL_Symptom_Pain_Reminder", "Pain", "0", "0", "0", "196864", "0", "0", "0"
0x003039AD, "ENV_AFFL_Symptom_Soreness_Reminder", "Soreness", "0", "0", "0", "196864", "0", "0", "0"
0x003039B1, "ENV_AFFL_Symptom_Unbalanced_Reminder", "Unbalanced", "0", "0", "0", "196864", "0", "0", "0"
0x0032AA8B, "CCT_abLegendaryFortifyHealth_Rank2", "CCT_abLegendaryFortifyHealth", "0", "0", "4", "0", "0", "0", "0"
0x0032AA8D, "CCT_abLegendaryFortifyHealth_Rank3", "CCT_abLegendaryFortifyHealth", "0", "0", "4", "0", "0", "0", "0"
0x00336BFC, "ModWeapon_Annihilator_Hazard_Spell", "Annihilator Hazard Spawn", "0", "2883584", "0", "65792", "0", "0", "0"
0x00336BFD, "ModWeapon_Annihilator_Disease_Spell", "Annihilator Disease", "0", "1", "0", "66048", "0", "0", "0"
0x00336C00, "ModWeapon_Annihilator_HazardSelf_Spell", "Annihilator Hazard Spawn", "0", "2883584", "0", "256", "0", "0", "0"
0x00346C94, "UC08_CrTerrormorphMindControl_Permanent", "Terrormorph Mind Control", "0", "3932160", "4", "0", "0", "0", "0"
0x00346C95, "UC08_CrTerrormorphMindControl_PlayerAlly", "Terrormorph Mind Control", "0", "3932160", "4", "131328", "0", "0", "0"
0x00363CCB, "CCT_abFortifyHealth_Boss", "CCT_abFortifyHealth_Boss", "0", "0", "4", "0", "0", "0", "0"
0x0037331B, "SpellPistolCertification04", "Pistol Certification Rank 4 Spell", "0", "0", "0", "65792", "0", "0", "0"
0x0037CFEB, "SpellShotgunCertification04", "Shotgun Certification Rank 4 Spell", "0", "0", "0", "65792", "0", "0", "0"
0x0037D0B2, "LegendaryWeapon_Radioactive_Spell_AddTempPerk", "LegendaryWeapon_Radioactive_Spell_AddTempPerk", "0", "0", "0", "65792", "0", "0", "0"
0x003853B2, "SpellMarksmanship04", "Marksmanship Rank 4 Spell", "0", "0", "0", "65792", "0", "0", "0"
0x0038D6CB, "Legendary_Wep_TeslaRounds_Spell", "Tesla Rounds", "0", "786432", "0", "66048", "0", "0", "0"
0x003A27ED, "LC165_AbTeleportSwapOut", "", "0", "3407872", "4", "0", "0", "0", "0"
0x003A27EE, "LC165_AbTeleportSwapIn", "", "0", "3407872", "4", "0", "0", "0", "0"
0x003A289E, "AbStarbornTeleport", "", "0", "3407872", "4", "0", "0", "0", "0"
0x003A289F, "AbStarbornDeath", "", "0", "3407872", "4", "0", "0", "0", "0"
0x003A28A3, "LC165_AbParallelSelfDeath", "", "0", "3407872", "4", "0", "0", "0", "0"
0x003A28A5, "LC165_AbInnerDemonDeath", "", "0", "3407872", "4", "0", "0", "0", "0"
0x003BC934, "ENV_DMG_Thermal_Cold_Hazard_Spell", "Extreme Cold Hazard", "0", "0", "0", "66048", "0", "0", "0"
0x003BC93B, "ENV_DMG_Radiation_Hazard_Spell", "Radiation Hazard", "0", "0", "0", "66048", "0", "0", "0"
0x003BC943, "ENV_DMG_Radiation_ElectricalField_Hazard_Spell", "Electricity Hazard", "0", "0", "0", "66048", "0", "0", "0"
0x003CD80C, "AbStarbornMembrane", "StarbornMembrane", "0", "0", "4", "0", "0", "0", "0"
0x003E5BE8, "ENV_AFFL_AddHitSpellPerk_Ability_Humans_AutomaticWeapons", "Add Hit Spell Perk Human Auto", "0", "0", "4", "0", "0", "0", "0"
0x003E5BE9, "ENV_AFFL_AddHitSpellPerk_Ability_Humans_NonAutomaticWeapons", "Add Hit Spell Perk Human Non-Auto", "0", "0", "4", "0", "0", "0", "0"
0x003E5BEF, "Env_HitSpell_AFFL_Random_Injury_Sharp", "Random Sharp Injury", "0", "0", "0", "65792", "0", "0", "0"
0x003E5BF0, "Env_HitSpell_AFFL_Random_Injury_Blunt", "Random Blunt Injury", "0", "0", "0", "65792", "0", "0", "0"
0x003E5DCC, "ENV_DMG_Corrosive_CorrosiveSubstance_Hazard_Spell", "Corrosive Hazard", "0", "0", "0", "66048", "0", "0", "0"
0x003E88DB, "CrTerrormorphMindControlNPC", "Terrormorph Mind Control - NPC", "15", "3670017", "0", "131328", "0", "0", "0"
0x003E88DE, "CrTerrormorphMindControlNPC_test", "Terrormorph Mind Control - NPC", "15", "3670017", "0", "131328", "0", "0", "0"
0x003E8D22, "AbModIncomingDamageFakeCombat", "", "0", "0", "4", "0", "0", "0", "0"
0x003F14E3, "AbModIncomingDamageFakeCombatShip", "", "0", "0", "4", "0", "0", "0", "0"
0x003FFD40, "ENV_DMG_Thermal_Heat_AppliedSpell_Momentary", "Extreme Heat", "0", "0", "0", "196864", "0", "0", "0"
0x003FFD44, "ENV_DMG_Thermal_Heat_AppliedSpell_Lingering", "Extreme Heat", "0", "0", "0", "196864", "0", "0", "0"
