FormID, EditorID, Name, EquipType, WGEN1, Weight, Value, WGEN2, WGEN3, WGEN4, Ammo, MagSize, Ammo2, WAM4, WAM5, WAM6, WAM7, Model
0x000001F4, "UnarmedHuman", "", "BothHands", "0", "0.000000", "0", "1.000000", "40.000000", "0x00000000", "", "0", "", "0", "0", "1", "1", ""
0x000001F6, "GasTrapDummy", "GasTrap Dummy", "", "0", "0.000000", "0", "1.000000", "40.000000", "0x00000000", "", "0", "", "0", "0", "1", "1", ""
0x00000FD6, "Razorback", "Razorback", "BothHandsLeftOptional", "9", "2.300000", "5300", "1.000000", "56.000000", "0x0025CD24", "7.5mm", "6", "LLW_Ammo_Razorback", "478615", "0", "1", "1", "Weapons\Bullpup\BullpupDummyReceiver.nif"
0x000021C6, "SWL_Laser_SpaceTurret_Gatling", "Pulse Laser", "DefaultSlot", "12", "3.000000", "0", "1.000000", "40.000000", "0x00000000", "SWA_Ammo_Shinigami_GenericLaser", "20", "", "0", "0", "1", "1", ""
0x00003C6D, "DefensiveLaserBatteryWeapon_DummyFire", "Targeting Laser", "DefaultSlot", "12", "3.000000", "0", "1.000000", "0.000000", "0x00000000", "AmmoDefensiveLaserBatteryPulseLaserDummyFire", "10000", "", "0", "0", "1", "0", ""
0x0000424B, "SWA_Missile_Vanguard_Tempest_CE-13_UC01", "Vanguard Tempest CE-13 Missile Launcher", "DefaultSlot", "12", "3.000000", "0", "1.000000", "200.000000", "0x00000000", "Missile", "8", "", "0", "0", "1", "1", ""
0x0000424C, "SWA_Particle_Vanguard_Obliterator_Auto_UC01", "Vanguard Obliterator Autoprojector", "DefaultSlot", "12", "3.000000", "0", "1.000000", "100.000000", "0x00000000", "SWA_Ammo_Ballistic_GenericParticle", "30", "", "0", "0", "1", "1", ""
0x0000424E, "SWB_Ballistic_Vanguard_Hellfire_Auto_UC01", "Vangaurd Hellfire Autocannon", "DefaultSlot", "12", "3.000000", "0", "1.000000", "50.000000", "0x00000000", "SWB_Ammo_Ballistic_GenericCannon", "40", "", "0", "0", "1", "1", ""
0x0000424F, "SWC_Laser_Vanguard_Starseeker_Auto_UC01", "Vanguard Starseeker Pulse Laser", "DefaultSlot", "12", "3.000000", "0", "1.000000", "75.000000", "0x00000000", "SWC_Ammo_Horizon_GenericLaser", "15", "", "0", "0", "1", "1", ""
0x00004250, "SWC_Particle_Vanguard_Ares_Auto_UC01", "Vanguard Ares Particle Cannon", "DefaultSlot", "12", "3.000000", "0", "1.000000", "250.000000", "0x00000000", "SWC_Ammo_Ballistic_GenericParticle", "27", "", "0", "0", "1", "1", ""
0x00004543, "SWA_Ballistic_Horizon_Mauler_104L_lvl04", "Mauler 104L cannon", "DefaultSlot", "12", "3.000000", "0", "1.000000", "50.000000", "0x00000000", "SWA_Ammo_Horizon_GenericCannon", "0", "", "0", "0", "1", "1", ""
0x0000A1DA, "UnarmedHopperA_Base", "UnarmedHopperA_Base", "CreatureBase", "0", "0.000000", "0", "1.000000", "40.000000", "0x00000000", "", "0", "", "0", "0", "1", "1", ""
0x00010C9D, "UnarmedModelA", "", "BothHands", "0", "0.000000", "0", "1.000000", "40.000000", "0x00000000", "", "0", "", "0", "0", "1", "1", ""
0x000115EF, "FragGrenade", "Frag Grenade", "GrenadeSlot", "10", "0.200000", "350", "1.000000", "40.000000", "0x00000000", "", "0", "", "939854", "0", "1", "1", "Weapons\FragGrenade\GrenadeFrag.nif"
0x00013D5C, "UnarmedModelS", "", "RightHand", "0", "0.000000", "0", "1.000000", "40.000000", "0x00000000", "", "0", "", "0", "0", "1", "1", ""
0x000160E6, "UnarmedOctopedeA_Claw", "UnarmedOctopedeA_Claw", "CreatureClaw", "0", "0.000000", "0", "1.000000", "40.000000", "0x00000000", "", "0", "", "0", "0", "1", "1", ""
0x00016758, "Cutter", "Cutter", "BothHandsLeftOptional", "9", "4.000000", "475", "1.000000", "0.000000", "0x0025CD28", "Cutter", "30", "", "82424", "0", "3", "1", "Weapons\Bullpup\BullpupDummyReceiver.nif"
0x000177E6, "UnarmedCritter", "", "CreatureBase", "0", "0.000000", "0", "1.000000", "40.000000", "0x00000000", "", "0", "", "0", "0", "1", "1", ""
0x00018DE4, "SWA_Laser_Shinigami_Reza_45_GHz_MW_Auto_lvl20", "Reza 45 GHz MW Pulse Laser", "DefaultSlot", "12", "3.000000", "0", "1.000000", "30.000000", "0x00000000", "SWA_Ammo_Shinigami_GenericLaser", "40", "", "0", "0", "1", "1", ""
0x00018DF6, "SpaceshipCannon01", "Cannon", "DefaultSlot", "12", "3.000000", "0", "1.000000", "40.000000", "0x00000000", "SWA_Ammo_Horizon_GenericCannon", "4", "", "0", "0", "1", "1", ""
0x00019562, "SWL_Laser_SpaceTurret", "Pulse Laser Turret", "DefaultSlot", "12", "3.000000", "0", "1.000000", "40.000000", "0x00000000", "SWA_Ammo_Shinigami_GenericLaser", "0", "", "0", "0", "1", "1", ""
0x0001BC22, "SWL_Laser_Shinigami_800_3L3W3H_Turret", "Pulse Laser", "DefaultSlot", "12", "3.000000", "0", "1.000000", "40.000000", "0x00000000", "SWA_Ammo_Shinigami_GenericLaser", "20", "", "0", "0", "1", "1", ""
0x0001BC4F, "EquiNOX", "Equinox", "BothHandsLeftOptional", "9", "3.000000", "1720", "1.000000", "0.000000", "0x0025CD25", "3kV LZR", "20", "LLW_Ammo_Equinox", "2055584", "0", "1", "1", "Weapons\Bullpup\BullpupDummyReceiver.nif"
0x0002318F, "SpaceshipEMCannon01", "EM Cannon", "DefaultSlot", "12", "3.000000", "0", "1.000000", "40.000000", "0x00000000", "SWA_Ammo_Horizon_GenericCannon", "4", "", "0", "0", "1", "1", ""
0x00023606, "MagPulse", "MagPulse", "BothHandsLeftOptional", "9", "3.700000", "13560", "1.000000", "56.000000", "0x0025CD25", "6.5mm MI", "20", "LLW_Ammo_MagPulse", "2014454", "0", "7", "1", "Weapons\Bullpup\BullpupDummyReceiver.nif"
0x00025FB3, "SWC_Particle_Ballistic_PBO-300_Alpha_Auto_turret_lvl34", "PBO-300 alpha autoprojector", "DefaultSlot", "12", "3.000000", "0", "1.000000", "250.000000", "0x00000000", "SWC_Ammo_Ballistic_GenericParticle", "24", "", "0", "0", "1", "1", ""
0x00025FB4, "SWC_Particle_LightScythe_Obliterator_250MeV_Alpha_Turret_lvl76", "Obliterator 250MeV Alpha Turret", "DefaultSlot", "12", "3.000000", "0", "1.000000", "250.000000", "0x00000000", "SWC_Ammo_LightScythe_GenericParticle", "30", "", "0", "0", "1", "1", ""
0x00025FB6, "SWC_Ballistic_Horizon_Marauder_115N_Turret_lvl54", "Marauder 115N railgun Turret", "DefaultSlot", "12", "3.000000", "0", "1.000000", "125.000000", "0x00000000", "SWC_Ammo_Horizon_GenericCannon", "20", "", "0", "0", "1", "1", ""
0x00025FB7, "SWC_Laser_Horizon_Dragon_261_SX_Turret_lvl30", "Dragon 261 SX Laser Turret", "DefaultSlot", "12", "3.000000", "0", "1.000000", "75.000000", "0x00000000", "SWC_Ammo_Horizon_GenericLaser", "0", "", "0", "0", "1", "1", ""
0x00028A02, "Grendel", "Grendel", "BothHandsLeftOptional", "9", "2.650000", "1275", "1.000000", "56.000000", "0x0025CD27", "7.77mm", "50", "LLW_Ammo_Grendel", "478612", "0", "1", "1", "Weapons\Bullpup\BullpupDummyReceiver.nif"
0x000297F6, "CreatureRangedAttack_Mouth1_Fire", "Creature Ranged Attack Mouth Fire", "CreatureRangedMouth1", "9", "3.000000", "45", "0.400000", "56.000000", "0x00000000", "Creature Fire", "0", "", "0", "0", "1", "1", ""
0x000297F7, "CreatureRangedAttack_Mouth1_Ice", "Creature Ranged Attack Mouth Ice", "CreatureRangedMouth1", "9", "3.000000", "45", "0.400000", "56.000000", "0x00000000", "Creature Ice", "0", "", "0", "0", "1", "1", ""
0x0002CB5F, "Regulator", "Regulator", "BothHandsLeftOptional", "9", "0.700000", "4450", "1.000000", "56.000000", "0x0025CD26", ".43 Ultramag", "8", "LLW_Ammo_Regulator", "3568571", "0", "1", "1", "Weapons\Bullpup\BullpupDummyReceiver.nif"
0x0002D7F4, "Lawgiver", "Lawgiver", "BothHandsLeftOptional", "9", "3.600000", "2395", "1.000000", "80.000000", "0x0025CD23", ".50 Caliber", "6", "LLW_Ammo_Lawgiver", "1460060", "0", "1", "1", "Weapons\Bullpup\BullpupDummyReceiver.nif"
0x0002EB36, "Tombstone", "Tombstone", "BothHandsLeftOptional", "9", "3.850000", "4100", "1.000000", "52.000000", "0x0025CD27", "11mm", "20", "LLW_Ammo_Tombstone", "478619", "0", "1", "1", "Weapons\Bullpup\BullpupDummyReceiver.nif"
0x0002EB3C, "MagShear", "MagShear", "BothHandsLeftOptional", "9", "3.900000", "16110", "1.000000", "52.000000", "0x0025CD25", ".50 MI", "75", "LLW_Ammo_MagShear", "2106989", "0", "1", "1", "Weapons\Bullpup\BullpupDummyReceiver.nif"
0x0002EB42, "MagShot", "MagShot", "BothHandsLeftOptional", "9", "2.000000", "11380", "1.000000", "56.000000", "0x0025CD24", ".43 MI", "6", "LLW_Ammo_MagShot", "4019307", "0", "3", "1", "Weapons\Bullpup\BullpupDummyReceiver.nif"
0x0002EB45, "MagSniper", "MagSniper", "BothHandsLeftOptional", "9", "9.100000", "19850", "1.000000", "52.000000", "0x0025CD23", "6.5mm MI", "12", "LLW_Ammo_MagSniper", "294064", "0", "1", "1", "Weapons\Bullpup\BullpupDummyReceiver.nif"
0x000307FC, "SWC_StarbornWeapon_SolarFlareBeam02_lvl30", "Solar Flare Beam II", "DefaultSlot", "12", "3.000000", "0", "1.000000", "0.000000", "0x00000000", "Beam ammo", "25", "_RENAME_Test_LL_Ammo_Beam", "0", "0", "1", "1", ""
0x000307FD, "SWC_StarbornWeapon_SolarFlareBeam03_lvl56", "Solar Flare Beam III", "DefaultSlot", "12", "3.000000", "0", "1.000000", "0.000000", "0x00000000", "Beam ammo", "25", "_RENAME_Test_LL_Ammo_Beam", "0", "0", "1", "1", ""
0x000307FE, "SWC_StarbornWeapon_Supernova02_lvl30", "Supernova II", "DefaultSlot", "12", "3.000000", "0", "1.000000", "0.000000", "0x00000000", "Supernova Ammo", "0", "", "0", "0", "1", "1", ""
0x000307FF, "SWC_StarbornWeapon_Supernova03_lvl56", "Supernova III", "DefaultSlot", "12", "3.000000", "0", "1.000000", "0.000000", "0x00000000", "Supernova Ammo", "0", "", "0", "0", "1", "1", ""
0x00030B30, "UC01_SWA_Missile_Ballistic_CE-19", "CE-19 missile launcher", "DefaultSlot", "12", "3.000000", "0", "1.000000", "40.000000", "0x00000000", "Missile", "6", "LL_Ammo_SWA_Missile_Ballistic_CE-19", "0", "0", "257", "1", ""
0x00032D6A, "NOCLUTTER_ResearchUI_Grendel_Barrel_01", "Grendel", "BothHandsLeftOptional", "9", "2.650000", "1006", "1.000000", "56.000000", "0x0025CD27", "7.77mm", "50", "LLW_Ammo_Grendel", "18463", "0", "1", "1", "Weapons\Bullpup\BullpupDummyReceiver.nif"
0x00032D7A, "NOCLUTTER_ResearchUI_Grendel_Barrel_02", "Grendel", "BothHandsLeftOptional", "9", "2.650000", "1006", "1.000000", "56.000000", "0x0025CD27", "7.77mm", "50", "LLW_Ammo_Grendel", "18463", "0", "1", "1", "Weapons\Bullpup\BullpupDummyReceiver.nif"
0x00035745, "Orion_Hunter", "Orion NOT PLAYABLE", "BothHandsLeftOptional", "9", "4.700000", "3075", "1.000000", "0.000000", "0x0025CD25", "3kV LZR", "30", "LLW_Ammo_Orion", "1839460", "0", "2", "1", "Weapons\Bullpup\BullpupDummyReceiver.nif"
0x00035A48, "CombatKnife", "Combat Knife", "BothHands", "2", "0.360000", "505", "1.000000", "40.000000", "0x00000000", "", "0", "", "0", "0", "1", "1", "Weapons\CombatKnife\combatknife.nif"
0x000389CE, "SWB_Laser_LightScythe_Scorch-S_80mw_Auto_Turret_Experimental_lvl20", "Scorch-S 80mw Laser Turret", "DefaultSlot", "12", "3.000000", "0", "1.000000", "45.000000", "0x00000000", "SWB_Ammo_LightScythe_GenericLaser", "12", "", "0", "0", "1", "1", ""
0x00040826, "Rattler", "Rattler", "BothHandsLeftOptional", "9", "0.850000", "785", "1.000000", "0.000000", "0x0025CD26", ".27 Caliber", "12", "LLW_Ammo_Rattler", "478617", "0", "1", "1", "Weapons\Bullpup\BullpupDummyReceiver.nif"
0x00045EC5, "UnarmedModelT", "", "RightHand", "0", "0.000000", "0", "1.000000", "40.000000", "0x00000000", "", "0", "", "0", "0", "1", "1", ""
0x0004716C, "Beowulf", "Beowulf", "BothHandsLeftOptional", "9", "2.800000", "4850", "1.000000", "0.000000", "0x0025CD25", "7.77mm", "30", "LLW_Ammo_Beowulf", "478610", "0", "1", "1", "Weapons\Bullpup\BullpupDummyReceiver.nif"
0x000476C4, "Eon", "Eon", "BothHandsLeftOptional", "9", "0.550000", "750", "1.000000", "56.000000", "0x0025CD26", "7.77mm", "12", "LLW_Ammo_Eon", "401802", "0", "1", "1", "Weapons\Bullpup\BullpupDummyReceiver.nif"
0x0004A41A, "FragMine", "Fragmentation Mine", "GrenadeSlot", "11", "0.300000", "415", "1.000000", "40.000000", "0x00000000", "", "0", "", "371591", "0", "1", "1", "Weapons\FragMine\FragMine.nif"
0x0004F760, "RescueAxe", "Rescue Axe", "BothHands", "3", "1.400000", "650", "1.000000", "40.000000", "0x00000000", "", "0", "", "0", "0", "1", "1", "Weapons\RescueAxe\RescueAxe.nif"
0x00050302, "UnarmedQuadrupedA_Base", "UnarmedQuadrupedA_Base", "CreatureBase", "0", "0.000000", "0", "1.000000", "40.000000", "0x00000000", "", "0", "", "0", "0", "1", "1", ""
0x000546CC, "HardTarget", "Hard Target", "BothHandsLeftOptional", "9", "8.700000", "14650", "1.000000", "56.000000", "0x0025CD25", ".50 Caliber", "5", "LLW_Ammo_HardTarget", "3023806", "0", "1", "1", "Weapons\Bullpup\BullpupDummyReceiver.nif"
0x000546CD, "Microgun", "Microgun", "BothHandsLeftOptional", "9", "11.400000", "12290", "1.000000", "56.000000", "0x0025CD28", "7.77mm", "300", "LLW_Ammo_Microgun", "3378107", "1104014", "1", "1", "Weapons\Bullpup\BullpupDummyReceiver.nif"
0x000547A0, "CreatureRangedAttack_Mouth1_Base", "Creature Ranged Attack Mouth Base", "CreatureRangedMouth1", "9", "3.000000", "45", "0.400000", "56.000000", "0x00000000", "Creature Rock", "0", "", "0", "0", "1", "1", ""
0x000547A3, "Breach", "Breach", "BothHandsLeftOptional", "9", "7.300000", "6780", "1.000000", "56.000000", "0x0025CD28", "15x25 CLL Shell", "6", "LLW_Ammo_Breach", "582785", "0", "5", "1", "Weapons\Bullpup\BullpupDummyReceiver.nif"
0x0005638F, "CCT_Weapon_Ranged_Tail_Base", "CreatureTailRangedAttack", "CreatureRangedTail", "9", "3.000000", "45", "1.000000", "56.000000", "0x00000000", "Creature Rock", "0", "", "0", "0", "1", "1", ""
0x00057196, "NOCLUTTER_ResearchUI_Breach_Receiver_02", "Grendel", "BothHandsLeftOptional", "9", "2.650000", "1006", "1.000000", "56.000000", "0x0025CD27", "7.77mm", "50", "LLW_Ammo_Grendel", "18463", "0", "1", "1", "Weapons\Bullpup\BullpupDummyReceiver.nif"
0x0005817C, "CCT_Weapon_Ranged_Floater_Head_Laser", "Creature Floater Head Laser", "CreatureRangedMouth1", "9", "3.000000", "45", "1.000000", "5.000000", "0x00000000", "", "0", "", "659281", "0", "1", "1", ""
0x0005817D, "CCT_Weapon_Ranged_Tail_Grenade", "Creature Tail Grenade", "CreatureRangedTail", "9", "16.000000", "100", "0.400000", "52.000000", "0x00000000", "", "0", "", "1829577", "0", "1", "1", ""
0x00064981, "CreatureRangedAttack_Mouth1_ElectricArc", "Creature Ranged Attack Mouth Electric Arc", "CreatureRangedMouth1", "9", "3.000000", "45", "0.400000", "56.000000", "0x00000000", "Creature Electric Arc", "0", "", "0", "0", "1", "1", ""
0x00064982, "CreatureRangedAttack_Mouth1_Pod", "Creature Ranged Attack Mouth1 Pod", "CreatureRangedMouth1", "9", "3.000000", "45", "1.000000", "56.000000", "0x00000000", "Creature Pod", "0", "", "0", "0", "1", "1", ""
0x00064984, "CreatureRangedAttack_Mouth1_Quill", "Creature Ranged Attack Mouth1 Quill", "CreatureRangedMouth1", "9", "3.000000", "45", "1.000000", "56.000000", "0x00000000", "Creature Quill", "0", "", "0", "0", "1", "1", ""
0x00069F22, "UnarmedFlyerA_Claw", "UnarmedFlyerA_Claw", "CreatureClaw", "0", "0.000000", "0", "1.000000", "40.000000", "0x00000000", "", "0", "", "0", "0", "1", "1", ""
0x00069F23, "UnarmedFlyerA_Head", "UnarmedFlyerA_Head", "CreatureHead", "0", "0.000000", "0", "1.000000", "40.000000", "0x00000000", "", "0", "", "0", "0", "1", "1", ""
0x0006D58F, "CCT_Weapon_Ranged_Mouth2_Laser", "Creature Mouth Laser", "CreatureRangedMouth2", "9", "3.000000", "45", "1.000000", "56.000000", "0x00000000", "", "0", "", "659281", "0", "1", "1", ""
0x00076EDE, "SWA_Missile_Ballistic_CE-19_lvl44", "CE-19 missile launcher", "DefaultSlot", "12", "3.000000", "0", "1.000000", "200.000000", "0x00000000", "Missile", "8", "", "0", "0", "1", "1", ""
0x00087590, "SWC_StarbornWeapon_GravityTorpedo02_lvl40", "Gravity Torpedo", "DefaultSlot", "9", "3.000000", "0", "1.000000", "0.000000", "0x00000000", "Gravity Torpedo", "4", "", "0", "0", "1", "1", ""
0x00091151, "SWC_StarbornWeapon_Supernova01_lvl16", "Supernova", "DefaultSlot", "12", "3.000000", "0", "1.000000", "0.000000", "0x00000000", "Supernova Ammo", "0", "", "0", "0", "1", "1", ""
0x00094D26, "CreatureRangedAttack_Mouth1_Rock", "Creature Ranged Attack Mouth1 Rock", "CreatureRangedMouth1", "9", "3.000000", "45", "1.000000", "56.000000", "0x00000000", "Creature Rock", "0", "", "0", "0", "1", "1", ""
0x000B0AD0, "CreatureRangedAttack_Mouth1_EnergyOrb", "Creature Ranged Attack Mouth Energy Orb", "CreatureRangedMouth1", "9", "3.000000", "45", "0.400000", "56.000000", "0x00000000", "Creature Energy Orb", "0", "", "0", "0", "1", "1", ""
0x000B0AD1, "CreatureRangedAttack_Mouth1_SonicBlast", "Creature Ranged Attack Mouth Sonic Blast", "CreatureRangedMouth1", "9", "3.000000", "45", "0.400000", "56.000000", "0x00000000", "Creature Sonic Blast", "0", "", "0", "0", "1", "1", ""
0x000B2CCF, "SWC_StarbornWeapon_SolarFlareBeam01_lvl16", "Solar Flare Beam", "DefaultSlot", "12", "3.000000", "0", "1.000000", "0.000000", "0x00000000", "Beam ammo", "25", "_RENAME_Test_LL_Ammo_Beam", "0", "0", "1", "1", ""
0x000C0A36, "SWC_Particle_Horizon_Disruptor_3340A_Alpha_Auto_Turret_lvl30", "Disrupter 3340 alpha oscillator Turret", "DefaultSlot", "12", "3.000000", "0", "1.000000", "250.000000", "0x00000000", "SWC_Ammo_Horizon_GenericParticle", "18", "", "0", "0", "1", "1", ""
0x000D0F70, "Companion_Eon", "Eon COMPANION ONLY", "BothHandsLeftOptional", "9", "0.550000", "100", "1.000000", "56.000000", "0x0025CD26", "7.77mm", "12", "LLW_Ammo_Eon", "401802", "0", "1", "1", "Weapons\Bullpup\BullpupDummyReceiver.nif"
0x000D0F71, "Companion_Solstice", "Solstice COMPANION ONLY", "BothHandsLeftOptional", "9", "1.100000", "1761", "1.000000", "56.000000", "0x0025CD26", "1.5kV LZR", "16", "LLW_Ammo_Solstice", "2055584", "0", "1", "1", "Weapons\Bullpup\BullpupDummyReceiver.nif"
0x000D0F72, "Companion_InflictorRifle", "Andreja's Inflictor", "BothHandsLeftOptional", "9", "3.750000", "8255", "1.000000", "56.000000", "0x0025CD27", "Heavy Fuse", "20", "LLW_Ammo_InflictorRifle", "793945", "0", "1", "1", "Weapons\Bullpup\BullpupDummyReceiver.nif"
0x000D0F73, "Companion_Lawgiver", "Lawgiver COMPANION ONLY", "BothHandsLeftOptional", "9", "3.600000", "2667", "1.000000", "80.000000", "0x0025CD23", ".50 Caliber", "6", "LLW_Ammo_Lawgiver", "1460060", "0", "1", "1", "Weapons\Bullpup\BullpupDummyReceiver.nif"
0x000ED3F1, "UnarmedOctopedeA_Mouth", "UnarmedQuadrupedA_Mouth", "CreatureMouth", "0", "0.000000", "0", "1.000000", "40.000000", "0x00000000", "", "0", "", "0", "0", "1", "1", ""
0x000F8E7A, "crRocketlauncher_Hunter", "Allied Negotiator", "BothHandsLeftOptional", "9", "4.500000", "45", "1.000000", "0.000000", "0x0025CD25", "40mm XPL", "8", "LLW_Ammo_Rocketlauncher", "301908", "0", "1", "1", "Weapons\Rocketlauncher\RocketLauncher.nif"
0x00100B8D, "NOCLUTTER_ResearchUI_Drumbeat_Internal_01", "Grendel", "BothHandsLeftOptional", "9", "2.650000", "1006", "1.000000", "56.000000", "0x0025CD27", "7.77mm", "50", "LLW_Ammo_Grendel", "18463", "0", "1", "1", "Weapons\Bullpup\BullpupDummyReceiver.nif"
0x0010C3AE, "UnarmedHexapodA_Tail", "UnarmedMantidA_Tail", "CreatureTail", "0", "0.000000", "0", "1.000000", "40.000000", "0x00000000", "", "0", "", "0", "0", "1", "1", ""
0x0010C3AF, "UnarmedHexapodA_Mouth", "UnarmedMantidA_Mouth", "CreatureMouth", "0", "0.000000", "0", "1.000000", "40.000000", "0x00000000", "", "0", "", "0", "0", "1", "1", ""
0x0010C3B0, "UnarmedHexapodA_Head", "UnarmedMantidA_Head", "CreatureHead", "0", "0.000000", "0", "1.000000", "40.000000", "0x00000000", "", "0", "", "0", "0", "1", "1", ""
0x0010C3B1, "UnarmedHexapodA_Claw", "UnarmedMantidA_Claw", "CreatureClaw", "0", "0.000000", "0", "1.000000", "40.000000", "0x00000000", "", "0", "", "0", "0", "1", "1", ""
0x0010C3B2, "UnarmedHexapodA_Base", "UnarmedMantidA_Base", "CreatureBase", "0", "0.000000", "0", "1.000000", "40.000000", "0x00000000", "", "0", "", "0", "0", "1", "1", ""
0x00128A08, "DefensiveLaserBatteryWeapon", "Laser Cannon UC-10X", "DefaultSlot", "12", "3.000000", "0", "1.000000", "0.000000", "0x00000000", "AmmoDefensiveLaserBatteryPulseLaser", "100000", "", "0", "0", "1", "1", ""
0x00136A3A, "CCT_Weapon_Ranged_Mouth1_Laser", "Creature Mouth Laser", "CreatureRangedMouth1", "9", "3.000000", "45", "1.000000", "56.000000", "0x00000000", "", "0", "", "659281", "0", "1", "1", ""
0x00146D34, "SWB_Laser_Horizon_Dragon_241_Turret_lvl24", "Dragon 241P Pulse Laser Turret", "DefaultSlot", "12", "3.000000", "0", "1.000000", "45.000000", "0x00000000", "SWB_Ammo_Horizon_GenericLaser", "0", "", "0", "0", "1", "1", ""
0x00146D35, "SWB_Laser_LightScythe_Scorch-P_60mw_Auto_Turret_lvl32", "Scorch-P 60mw Pulse Laser Turret", "DefaultSlot", "12", "3.000000", "0", "1.000000", "45.000000", "0x00000000", "SWB_Ammo_LightScythe_GenericLaser", "20", "", "0", "0", "1", "1", ""
0x0014A8BF, "SWB_Ballistic_Shinigami_Jishaku_Fe_RF_Auto_Turret_lvl32", "Jishaku Fe RF railgun turret", "DefaultSlot", "12", "3.000000", "0", "1.000000", "75.000000", "0x00000000", "SWB_Ammo_Shinigami_GenericCannon", "20", "", "0", "0", "1", "1", ""
0x0014A8C5, "SWB_Particle_LightScythe_Eradicator-RF_75MeV_Neutron_Auto_Turret_lvl46", "Eradicator-RF 75MeV neutron beam turret", "DefaultSlot", "12", "3.000000", "0", "1.000000", "150.000000", "0x00000000", "SWB_Ammo_LightScythe_GenericParticle", "33", "", "0", "0", "1", "1", ""
0x0014A8CB, "SWB_Ballistic_Horizon_Mauler_106T_Auto_Turret_lvl26", "Mauler 106T autocannon turret", "DefaultSlot", "12", "3.000000", "0", "1.000000", "75.000000", "0x00000000", "SWB_Ammo_Horizon_GenericCannon", "33", "", "0", "0", "1", "1", ""
0x0014A8CD, "SWB_Particle_Horizon_Disruptor_3320_Neutron_Turret_lvl26", "Disruptor 3320  Neutron Turret", "DefaultSlot", "12", "3.000000", "0", "1.000000", "150.000000", "0x00000000", "SWB_Ammo_Horizon_GenericParticle", "20", "", "0", "0", "1", "1", ""
0x0014A8D5, "SWB_Ballistic_Ballistic_KE-42_Turret_lvl48", "KE-42 cannon turret", "DefaultSlot", "12", "3.000000", "0", "1.000000", "75.000000", "0x00000000", "SWB_Ammo_Ballistic_GenericCannon", "20", "", "0", "0", "1", "1", ""
0x0014A8D6, "SWB_Particle_Ballistic_PBO-100_Neutron_Auto_Turret_lvl32", "PBO-100 auto neutron beam turret", "DefaultSlot", "12", "3.000000", "0", "1.000000", "150.000000", "0x00000000", "SWB_Ammo_Ballistic_GenericParticle", "27", "", "0", "0", "1", "1", ""
0x0014C1B5, "UnarmedQuadrupedC_Tail", "UnarmedQuadrupedC_Tail", "CreatureTail", "0", "0.000000", "0", "1.000000", "40.000000", "0x00000000", "", "0", "", "0", "0", "1", "1", ""
0x0014C1B6, "UnarmedQuadrupedC_Mouth", "UnarmedQuadrupedC_Mouth", "CreatureMouth", "0", "0.000000", "0", "1.000000", "40.000000", "0x00000000", "", "0", "", "0", "0", "1", "1", ""
0x0014C1B7, "UnarmedQuadrupedC_Head", "UnarmedQuadrupedC_Head", "CreatureHead", "0", "0.000000", "0", "1.000000", "40.000000", "0x00000000", "", "0", "", "0", "0", "1", "1", ""
0x0014C1B8, "UnarmedQuadrupedC_Claw", "UnarmedQuadrupedC_Claw", "CreatureClaw", "0", "0.000000", "0", "1.000000", "40.000000", "0x00000000", "", "0", "", "0", "0", "1", "1", ""
0x0014C1B9, "UnarmedQuadrupedC_Base", "UnarmedQuadrupedC_Base", "CreatureBase", "0", "0.000000", "0", "1.000000", "40.000000", "0x00000000", "", "0", "", "0", "0", "1", "1", ""
0x001504FD, "SWC_Ballistic_Shinigami_Jishaku_Nd_RF_Auto_Turret_lvl34", "Jishaku Nd RF railgun Turret", "DefaultSlot", "12", "3.000000", "0", "1.000000", "125.000000", "0x00000000", "SWC_Ammo_Shinigami_GenericCannon", "33", "", "0", "0", "1", "1", ""
0x00150500, "SWC_Laser_LightScythe_Blaze-P_2gw_SX_Auto_Turret_lvl38", "Blaze-P 2gw SX Pulse Laser Turret", "DefaultSlot", "12", "3.000000", "0", "1.000000", "75.000000", "0x00000000", "SWC_Ammo_LightScythe_GenericLaser", "33", "", "0", "0", "1", "1", ""
0x00150501, "SWC_Missile_LightScythe_Atlatl_280C_lvl54", "Atlatl 280C missile launcher", "DefaultSlot", "12", "3.000000", "0", "1.000000", "500.000000", "0x00000000", "Missile", "2", "", "0", "0", "1", "1", ""
0x00150502, "SWC_Missile_Shinigami_Tsukisasu_50k_lvl72", "Tsukisasu 40k missile launcher", "DefaultSlot", "12", "3.000000", "0", "1.000000", "500.000000", "0x00000000", "Missile", "6", "", "0", "0", "1", "1", ""
0x0016DA51, "SWA_Particle_Ballistic_PBO-40_Electron_Auto_Experimental_lvl20", "PBO-30 electron autoprojector", "DefaultSlot", "12", "3.000000", "0", "1.000000", "100.000000", "0x00000000", "SWA_Ammo_Ballistic_GenericParticle", "35", "", "0", "0", "1", "1", ""
0x001710F6, "CreatureRangedAttack_Mouth1_Shout", "Creature Ranged Attack Mouth1 Shout", "CreatureRangedMouth1", "9", "16.000000", "100", "1.000000", "52.000000", "0x00000000", "Creature Shout", "0", "", "0", "0", "1", "1", ""
0x0017964A, "crTurretMiningLaser_Beam", "", "RightHand", "9", "3.000000", "45", "1.000000", "56.000000", "0x00000000", "3kV LZR", "0", "LL_Ammo_Laser", "2182806", "0", "1", "1", ""
0x0017FB31, "UnarmedFloater", "", "CreatureBase", "0", "0.000000", "0", "1.000000", "40.000000", "0x00000000", "", "0", "", "0", "0", "1", "1", ""
0x0018DE2C, "DrumBeat", "Drum Beat", "BothHandsLeftOptional", "9", "3.300000", "2735", "1.000000", "56.000000", "0x0025CD25", "11mm", "30", "LLW_Ammo_Drumbeat", "478612", "0", "1", "1", "Weapons\Bullpup\BullpupDummyReceiver.nif"
0x001941F6, "UnarmedTerrormorph_Head", "UnarmedTerrormorph_Head", "CreatureHead", "0", "0.000000", "0", "1.400000", "40.000000", "0x00000000", "", "0", "", "0", "0", "1", "1", ""
0x001AD455, "UnarmedTerrormorph_Tail", "UnarmedTerrormorph_Tail", "CreatureTail", "0", "0.000000", "0", "1.400000", "40.000000", "0x00000000", "", "1", "", "0", "0", "1", "1", ""
0x001AD73A, "UnarmedTerrormorph_Mouth1_Ranged", "UnarmedTerrormorph_Mouth1_Ranged", "CreatureRangedMouth1", "9", "16.000000", "100", "1.000000", "52.000000", "0x00000000", "Terrormorph Roar", "0", "", "0", "0", "1", "1", ""
0x001BBF34, "SWB_Ballistic_Horizon_Mauler_106S_Experimental_lvl20", "Mauler 106S Shot-Cannon", "DefaultSlot", "12", "3.000000", "0", "1.000000", "75.000000", "0x00000000", "SWB_Ammo_Horizon_GenericCannon", "2", "", "0", "0", "6", "1", ""
0x001C369E, "UnarmedTerrormorph_Claw", "UnarmedTerrormorph_Claw", "CreatureClaw", "0", "0.000000", "0", "1.400000", "40.000000", "0x00000000", "", "0", "", "0", "0", "1", "1", ""
0x001C7DF2, "UnarmedHopperA_Tail", "UnarmedHopperA_Tail", "CreatureTail", "0", "0.000000", "0", "1.000000", "40.000000", "0x00000000", "", "0", "", "0", "0", "1", "1", ""
0x001C7DF3, "UnarmedHopperA_Claw", "UnarmedHopperA_Claw", "CreatureClaw", "0", "0.000000", "0", "1.000000", "40.000000", "0x00000000", "", "0", "", "0", "0", "1", "1", ""
0x001C7DF4, "UnarmedHopperA_Mouth", "UnarmeHopperA_Mouth", "CreatureMouth", "0", "0.000000", "0", "1.000000", "40.000000", "0x00000000", "", "0", "", "0", "0", "1", "1", ""
0x001C7DF5, "UnarmedHopperA_Head", "UnarmedHopperA_Head", "CreatureHead", "0", "0.000000", "0", "1.000000", "40.000000", "0x00000000", "", "0", "", "0", "0", "1", "1", ""
0x001D3653, "UnarmedTerrormorph_Mouth", "UnarmedTerrormorph_Mouth", "CreatureMouth", "0", "0.000000", "0", "1.400000", "40.000000", "0x00000000", "", "0", "", "0", "0", "1", "1", ""
0x001D83B7, "UnarmedLarva", "", "CreatureBase", "0", "0.000000", "0", "1.000000", "40.000000", "0x00000000", "", "0", "", "0", "0", "1", "1", ""
0x001DC415, "crModelA_CombatRightGun_Auto", "", "RightHand", "9", "7.000000", "45", "1.000000", "0.000000", "0x00000000", "7.77mm", "1000", "LL_Ammo_777mm", "0", "0", "1", "1", ""
0x001DC416, "crModelA_CombatLeftGun_Auto", "", "LeftHand", "9", "7.000000", "45", "1.000000", "0.000000", "0x00000000", "7.77mm", "1000", "LL_Ammo_777mm", "0", "0", "1", "1", ""
0x001E4235, "UnarmedFlyerA_Base", "UnarmedQuadrupedA_Base", "CreatureBase", "0", "0.000000", "0", "1.000000", "40.000000", "0x00000000", "", "0", "", "0", "0", "1", "1", ""
0x001E7431, "crTurretLaser_Auto", "", "RightHand", "9", "3.000000", "45", "1.000000", "56.000000", "0x00000000", "3kV LZR", "0", "LL_Ammo_Laser", "4104983", "0", "1", "1", ""
0x001E798F, "UnarmedMiniBotA", "UnarmedMiniBotA", "CreatureBase", "0", "0.000000", "0", "1.000000", "40.000000", "0x00000000", "", "0", "", "0", "0", "1", "1", ""
0x001F1EF5, "SWL_Particle_SpaceTurret01", "Particle Beam Turret", "DefaultSlot", "12", "3.000000", "0", "1.000000", "40.000000", "0x00000000", "SWA_Ammo_Horizon_GenericLaser", "30", "", "0", "0", "1", "1", ""
0x001F1EF6, "SWL_Particle_SpaceTurret02", "Particle Beam Turret", "DefaultSlot", "12", "3.000000", "0", "1.000000", "40.000000", "0x00000000", "SWA_Ammo_Horizon_GenericLaser", "30", "", "0", "0", "1", "1", ""
0x001F1EF7, "SWL_Particle_SpaceTurret03", "Particle Beam Turret", "DefaultSlot", "12", "3.000000", "0", "1.000000", "40.000000", "0x00000000", "SWA_Ammo_Horizon_GenericLaser", "30", "", "0", "0", "1", "1", ""
0x001F1EF8, "SWL_Particle_SpaceTurret04", "Particle Beam Turret", "DefaultSlot", "12", "3.000000", "0", "1.000000", "40.000000", "0x00000000", "SWA_Ammo_Horizon_GenericLaser", "30", "", "0", "0", "1", "1", ""
0x001F1EF9, "SWL_Particle_SpaceTurret05", "Particle Beam Turret", "DefaultSlot", "12", "3.000000", "0", "1.000000", "40.000000", "0x00000000", "SWA_Ammo_Horizon_GenericLaser", "30", "", "0", "0", "1", "1", ""
0x001F1EFA, "SWL_Particle_SpaceTurret06", "Particle Beam Turret", "DefaultSlot", "12", "3.000000", "0", "1.000000", "40.000000", "0x00000000", "SWA_Ammo_Horizon_GenericLaser", "30", "", "0", "0", "1", "1", ""
0x001F1EFB, "SWL_Particle_SpaceTurret07", "Particle Beam Turret", "DefaultSlot", "12", "3.000000", "0", "1.000000", "40.000000", "0x00000000", "SWA_Ammo_Horizon_GenericLaser", "30", "", "0", "0", "1", "1", ""
0x001F1EFC, "SWL_Particle_SpaceTurret08", "Particle Beam Turret", "DefaultSlot", "12", "3.000000", "0", "1.000000", "40.000000", "0x00000000", "SWA_Ammo_Horizon_GenericLaser", "30", "", "0", "0", "1", "1", ""
0x001F1EFD, "SWL_Particle_SpaceTurret09", "Particle Beam Turret", "DefaultSlot", "12", "3.000000", "0", "1.000000", "40.000000", "0x00000000", "SWA_Ammo_Horizon_GenericLaser", "30", "", "0", "0", "1", "1", ""
0x001F1EFE, "SWL_Particle_SpaceTurret10", "Particle Beam Turret", "DefaultSlot", "12", "3.000000", "0", "1.000000", "40.000000", "0x00000000", "SWA_Ammo_Horizon_GenericLaser", "30", "", "0", "0", "1", "1", ""
0x001F9583, "Crew_Elite_M1919", "Old Earth Pistol ELITE CREW ONLY", "BothHandsLeftOptional", "9", "1.100000", "4027", "1.000000", "56.000000", "0x0025CD26", ".45 Caliber", "9", "LLW_Ammo_M1919", "401802", "0", "1", "1", "Weapons\Bullpup\BullpupDummyReceiver.nif"
0x001F9584, "Crew_Elite_Sidestar", "Sidestar ELITE CREW ONLY", "BothHandsLeftOptional", "9", "0.650000", "402", "1.000000", "56.000000", "0x0025CD26", ".27 Caliber", "17", "LLW_Ammo_Sidestar", "478618", "0", "1", "1", "Weapons\Bullpup\BullpupDummyReceiver.nif"
0x001F9585, "Crew_Elite_Lawgiver", "Lawgiver - ELITE CREW", "BothHandsLeftOptional", "9", "3.600000", "2667", "1.000000", "80.000000", "0x0025CD23", ".50 Caliber", "6", "LLW_Ammo_Lawgiver", "1460060", "0", "1", "1", "Weapons\Bullpup\BullpupDummyReceiver.nif"
0x001F965C, "Crew_Elite_Rocketlauncher", "Negotiator ELITE CREW ONLY", "BothHandsLeftOptional", "9", "10.000000", "7500", "1.000000", "0.000000", "0x0025CD25", "40mm XPL", "8", "LLW_Ammo_Rocketlauncher", "136498", "0", "1", "1", "Weapons\Bullpup\BullpupDummyReceiver.nif"
0x001F965D, "Crew_Elite_Novalight", "Novalight ELITE CREW ONLY", "BothHandsLeftOptional", "9", "1.350000", "3271", "1.000000", "56.000000", "0x0025CD26", "Light Fuse", "12", "LLW_Ammo_Novalight", "43941", "0", "1", "1", "Weapons\Bullpup\BullpupDummyReceiver.nif"
0x001F965E, "Crew_Elite_AA99", "AA-99 ELITE CREW ONLY", "BothHandsLeftOptional", "9", "3.000000", "4329", "1.000000", "56.000000", "0x0025CD25", "11mm", "25", "LLW_Ammo_AA99", "1968384", "0", "1", "1", "Weapons\Bullpup\BullpupDummyReceiver.nif"
0x001F965F, "Crew_Elite_Razorback", "Razorback ELITE CREW ONLY", "BothHandsLeftOptional", "9", "2.300000", "3876", "1.000000", "56.000000", "0x0025CD24", "7.5mm", "6", "LLW_Ammo_Razorback", "478615", "0", "1", "1", "Weapons\Bullpup\BullpupDummyReceiver.nif"
0x001F9660, "Crew_Elite_Pacifier", "Pacifier ELITE CREW ONLY", "BothHandsLeftOptional", "9", "2.750000", "2063", "1.000000", "80.000000", "0x0025CD25", "15x25 CLL Shell", "7", "LLW_Ammo_Pacifier", "2123793", "0", "8", "1", "Weapons\Bullpup\BullpupDummyReceiver.nif"
0x001F9661, "Crew_Elite_Beowulf", "Beowulf ELITE CREW ONLY", "BothHandsLeftOptional", "9", "2.800000", "2365", "1.000000", "0.000000", "0x0025CD25", "7.77mm", "30", "LLW_Ammo_Beowulf", "478610", "0", "1", "1", "Weapons\Bullpup\BullpupDummyReceiver.nif"
0x001F9662, "Crew_Elite_Cutter", "Cutter ELITE CREW ONLY", "BothHandsLeftOptional", "9", "4.000000", "100", "1.000000", "0.000000", "0x0025CD28", "Cutter", "40", "LLW_Ammo_Cutter", "82424", "0", "3", "1", "Weapons\Bullpup\BullpupDummyReceiver.nif"
0x001F96EA, "Crew_Elite_BigBang", "Big Bang ELITE CREW ONLY", "BothHandsLeftOptional", "9", "7.000000", "4933", "1.000000", "80.000000", "0x0025CD28", "Heavy Fuse", "8", "LLW_Ammo_BigBang", "793944", "0", "8", "1", "Weapons\Bullpup\BullpupDummyReceiver.nif"
0x001F96EB, "Crew_Elite_Breach", "Breach ELITE CREW ONLY", "BothHandsLeftOptional", "9", "7.300000", "4027", "1.000000", "56.000000", "0x0025CD28", "15x25 CLL Shell", "6", "LLW_Ammo_Breach", "582785", "0", "5", "1", "Weapons\Bullpup\BullpupDummyReceiver.nif"
0x001F96EC, "Crew_Elite_UrbanEagle", "Urban Eagle ELITE CREW ONLY", "BothHandsLeftOptional", "9", "1.750000", "2365", "1.000000", "56.000000", "0x0025CD24", ".43 Ultramag", "7", "LLW_Ammo_UrbanEagle", "478618", "0", "1", "1", "Weapons\Bullpup\BullpupDummyReceiver.nif"
0x001F96ED, "Crew_Elite_Rattler", "Rattler ELITE CREW ONLY", "BothHandsLeftOptional", "9", "0.850000", "1006", "1.000000", "0.000000", "0x0025CD26", ".27 Caliber", "12", "LLW_Ammo_Rattler", "478617", "0", "1", "1", "Weapons\Bullpup\BullpupDummyReceiver.nif"
0x001F96EE, "Crew_Elite_HardTarget", "Hard Target ELITE CREW ONLY", "BothHandsLeftOptional", "9", "8.700000", "6929", "1.000000", "56.000000", "0x0025CD25", ".50 Caliber", "5", "LLW_Ammo_HardTarget", "3023806", "0", "1", "1", "Weapons\Bullpup\BullpupDummyReceiver.nif"
0x001FA112, "UnarmedQuadrupedB_Tail", "UnarmedQuadrupedA_Tail", "CreatureTail", "0", "0.000000", "0", "1.000000", "40.000000", "0x00000000", "", "0", "", "0", "0", "1", "1", ""
0x001FA113, "UnarmedQuadrupedB_Mouth", "UnarmedQuadrupedA_Mouth", "CreatureMouth", "0", "0.000000", "0", "1.000000", "40.000000", "0x00000000", "", "0", "", "0", "0", "1", "1", ""
0x001FA114, "UnarmedQuadrupedB_Head", "UnarmedQuadrupedA_Head", "CreatureHead", "0", "0.000000", "0", "1.000000", "40.000000", "0x00000000", "", "0", "", "0", "0", "1", "1", ""
0x001FA115, "UnarmedQuadrupedB_Claw", "UnarmedQuadrupedA_Claw", "CreatureClaw", "0", "0.000000", "0", "1.000000", "40.000000", "0x00000000", "", "0", "", "0", "0", "1", "1", ""
0x001FA116, "UnarmedQuadrupedB_Base", "UnarmedQuadrupedA_Base", "CreatureBase", "0", "0.000000", "0", "1.000000", "40.000000", "0x00000000", "", "0", "", "0", "0", "1", "1", ""
0x00202F54, "SWC_Laser_Shinigami_Reza_300_PHz_SX_Auto_Turret_lvl76", "Reza 300 PHz SX Pulse Laser Turret", "DefaultSlot", "12", "3.000000", "0", "1.000000", "75.000000", "0x00000000", "SWC_Ammo_Shinigami_GenericLaser", "40", "", "0", "0", "1", "1", ""
0x00202F55, "SWB_Laser_Shinigami_Reza_10_PHz_Auto_Turret_lvl76", "Reza 10 PHz UV Pulse Laser Turret", "DefaultSlot", "12", "3.000000", "0", "1.000000", "45.000000", "0x00000000", "SWB_Ammo_Shinigami_GenericLaser", "40", "", "0", "0", "1", "1", ""
0x00207E89, "UnarmedTerrormorph_Base", "", "CreatureBase", "0", "0.000000", "0", "1.000000", "40.000000", "0x00000000", "", "0", "", "0", "0", "1", "1", ""
0x00210BD1, "CreatureRangedAttack_Mouth1_Base_Secondary", "Creature Ranged Attack Mouth Base Secondary", "CreatureRangedMouth1", "9", "3.000000", "45", "0.400000", "56.000000", "0x00000000", "Creature Rock", "0", "", "0", "0", "1", "1", ""
0x00215F41, "Crew_Elite_Orion", "Orion ELITE CREW ONLY", "BothHandsLeftOptional", "9", "4.700000", "3271", "1.000000", "0.000000", "0x0025CD25", "3kV LZR", "30", "LLW_Ammo_Orion", "1839460", "0", "2", "1", "Weapons\Bullpup\BullpupDummyReceiver.nif"
0x00215F42, "Crew_Elite_Kodama", "Kodama ELITE CREW ONLY", "BothHandsLeftOptional", "9", "2.250000", "4027", "1.000000", "56.000000", "0x0025CD27", "7.77mm", "30", "LLW_Ammo_Kodama", "478614", "0", "1", "1", "Weapons\Bullpup\BullpupDummyReceiver.nif"
0x00215F43, "Crew_Elite_Tombstone", "Tombstone ELITE CREW ONLY", "BothHandsLeftOptional", "9", "3.850000", "3724", "1.000000", "52.000000", "0x0025CD27", "11mm", "20", "LLW_Ammo_Tombstone", "478619", "0", "1", "1", "Weapons\Bullpup\BullpupDummyReceiver.nif"
0x0021711E, "UnarmedBipedA_Tail", "UnarmedBipedA_Tail", "CreatureTail", "0", "0.000000", "0", "1.000000", "40.000000", "0x00000000", "", "0", "", "0", "0", "1", "1", ""
0x0021711F, "UnarmedBipedA_Mouth", "UnarmedBipedA_Mouth", "CreatureMouth", "0", "0.000000", "0", "1.000000", "40.000000", "0x00000000", "", "0", "", "0", "0", "1", "1", ""
0x00217120, "UnarmedBipedA_Head", "UnarmedBipedA_Head", "CreatureHead", "0", "0.000000", "0", "1.000000", "40.000000", "0x00000000", "", "0", "", "0", "0", "1", "1", ""
0x0021849A, "SWC_EM_Shinigami_Tatsu_501EM_lvl76", "Tatsu 501EM inverting suppressor", "DefaultSlot", "12", "3.000000", "0", "1.000000", "150.000000", "0x00000000", "SWC_Ammo_Shinigami_GenericEM", "0", "", "0", "0", "1", "1", ""
0x0021849B, "SWC_EM_Shinigami_Tatsu_500EM_lvl64", "Tatsu 500EM Field Suppressor", "DefaultSlot", "12", "3.000000", "0", "1.000000", "150.000000", "0x00000000", "SWC_Ammo_Shinigami_GenericEM", "0", "", "0", "0", "1", "1", ""
0x0021849C, "SWB_EM_Shinigami_Supaku_600gc_lvl62", "Supaku 600gc stochastic suppressor", "DefaultSlot", "12", "3.000000", "0", "1.000000", "90.000000", "0x00000000", "SWB_Ammo_Shinigami_GenericEM", "0", "", "0", "0", "1", "1", ""
0x0021849D, "SWA_EM_Shinigami_Supaku_250gc_lvl64", "Supaku 250gc modulated suppressor", "DefaultSlot", "12", "3.000000", "0", "1.000000", "60.000000", "0x00000000", "SWA_Ammo_Shinigami_GenericEM", "0", "", "0", "0", "1", "1", ""
0x0021849E, "SWA_EM_Shinigami_Supaku_110gc_lvl24", "Supaku 110gc suppressor", "DefaultSlot", "12", "3.000000", "0", "1.000000", "60.000000", "0x00000000", "SWA_Ammo_Shinigami_GenericEM", "0", "", "0", "0", "1", "1", ""
0x002184A1, "SWC_EM_LightScythe_Fulminator_8000_lvl38", "Fulminator 8000 broadband suppressor", "DefaultSlot", "12", "3.000000", "0", "1.000000", "150.000000", "0x00000000", "SWC_Ammo_LightScythe_GenericEM", "0", "", "0", "0", "1", "1", ""
0x002184A2, "SWB_EM_LightScythe_Firebolt_4000_lvl38", "Firebolt 4000 stochastic suppressor", "DefaultSlot", "12", "3.000000", "0", "1.000000", "90.000000", "0x00000000", "SWB_Ammo_LightScythe_GenericEM", "0", "", "0", "0", "1", "1", ""
0x002184A3, "SWA_EM_LightScythe_Nullifier_1750_lvl48", "Nullfier 1750 modulated suppressor", "DefaultSlot", "12", "3.000000", "0", "1.000000", "60.000000", "0x00000000", "SWA_Ammo_LightScythe_GenericEM", "0", "", "0", "0", "1", "1", ""
0x002184A4, "SWA_EM_LightScythe_Spark_750_lvl16", "Spark 750 suppressor", "DefaultSlot", "12", "3.000000", "0", "1.000000", "60.000000", "0x00000000", "SWA_Ammo_LightScythe_GenericEM", "0", "", "0", "0", "1", "1", ""
0x002184A6, "SWC_EM_Ballistic_EMP-1000_lvl20", "EMP-1000 broadband suppressor", "DefaultSlot", "12", "3.000000", "0", "1.000000", "150.000000", "0x00000000", "SWC_Ammo_Ballistic_GenericEM", "1", "", "0", "0", "1", "1", ""
0x002184A7, "SWB_EM_Ballistic_EMP-500_lvl16", "EMP-500 stochastic suppressor", "DefaultSlot", "12", "3.000000", "0", "1.000000", "90.000000", "0x00000000", "SWB_Ammo_Ballistic_GenericEM", "1", "", "0", "0", "1", "1", ""
0x002184B7, "SWA_EM_Ballistic_EMP-200_lvl38", "EMP-200 modulated suppressor", "DefaultSlot", "12", "3.000000", "0", "1.000000", "60.000000", "0x00000000", "SWA_Ammo_Ballistic_GenericEM", "1", "", "0", "0", "1", "1", ""
0x002184C1, "SWA_EM_Ballistic_EMP-80_lvl08", "EMP-80 suppressor", "DefaultSlot", "12", "3.000000", "0", "1.000000", "60.000000", "0x00000000", "SWA_Ammo_Ballistic_GenericEM", "1", "", "0", "0", "1", "1", ""
0x0021BBCD, "RussianHuntingRifle", "Old Earth Hunting Rifle", "BothHandsLeftOptional", "9", "2.700000", "3760", "1.000000", "0.000000", "0x0025CD25", "9x39mm", "20", "LLW_Ammo_RussianHuntingRifle", "3568571", "0", "1", "1", "Weapons\Bullpup\BullpupDummyReceiver.nif"
0x0021FEB4, "Kraken", "Kraken", "BothHandsLeftOptional", "9", "1.000000", "680", "1.000000", "56.000000", "0x0025CD26", "6.5mm", "25", "LLW_Ammo_Kraken", "3568570", "3998372", "1", "1", "Weapons\Bullpup\BullpupDummyReceiver.nif"
0x00220D47, "SWA_Laser_Shinigami_Reza_45_GHz_MW_lvl12", "Reza 45 GHz MW laser", "DefaultSlot", "12", "3.000000", "0", "1.000000", "30.000000", "0x00000000", "SWA_Ammo_Shinigami_GenericLaser", "0", "", "0", "0", "1", "1", ""
0x00220D48, "SWA_Laser_Shinigami_Reza_30_THz_IR_lvl44", "Reza 30 THz IR Laser", "DefaultSlot", "12", "3.000000", "0", "1.000000", "30.000000", "0x00000000", "SWC_Ammo_Shinigami_GenericLaser", "0", "", "0", "0", "1", "1", ""
0x00223579, "UnarmedQuadrupedA_Tail", "UnarmedQuadrupedA_Tail", "CreatureTail", "0", "0.000000", "0", "1.000000", "40.000000", "0x00000000", "", "0", "", "0", "0", "1", "1", ""
0x0022357A, "UnarmedQuadrupedA_Mouth", "UnarmedQuadrupedA_Mouth", "CreatureMouth", "0", "0.000000", "0", "1.000000", "40.000000", "0x00000000", "", "0", "", "0", "0", "1", "1", ""
0x0022357B, "UnarmedQuadrupedA_Head", "UnarmedQuadrupedA_Head", "CreatureHead", "0", "0.000000", "0", "1.000000", "40.000000", "0x00000000", "", "0", "", "0", "0", "1", "1", ""
0x0022357C, "UnarmedQuadrupedA_Claw", "UnarmedQuadrupedA_Claw", "CreatureClaw", "0", "0.000000", "0", "1.000000", "40.000000", "0x00000000", "", "0", "", "0", "0", "1", "1", ""
0x0022357D, "UnarmedOctopedeA_Base", "UnarmedOctopedeA_Base", "CreatureBase", "0", "0.000000", "0", "1.000000", "40.000000", "0x00000000", "", "0", "", "0", "0", "1", "1", ""
0x00226677, "SWB_Laser_Shinigami_Reza_600_THz_lvl32", "Reza 600 THz Laser", "DefaultSlot", "12", "3.000000", "0", "1.000000", "45.000000", "0x00000000", "SWB_Ammo_Shinigami_GenericLaser", "0", "", "0", "0", "1", "1", ""
0x00226678, "SWB_Laser_Shinigami_Reza_10_PHz_UV_lvl56", "Reza 10 PHz UV Laser", "DefaultSlot", "12", "3.000000", "0", "1.000000", "45.000000", "0x00000000", "SWC_Ammo_Shinigami_GenericLaser", "0", "", "0", "0", "1", "1", ""
0x00226686, "SWC_Laser_Shinigami_Reza_300_PHz_SX_lvl46", "Reza 300 PHz SX Laser", "DefaultSlot", "12", "3.000000", "0", "1.000000", "75.000000", "0x00000000", "SWC_Ammo_Shinigami_GenericLaser", "0", "", "0", "0", "1", "1", ""
0x00228D47, "SWB_Missile_LightScythe_Atlatl_290B_Experimental_lvl20", "Atlatl 290B Missile Launcher", "DefaultSlot", "12", "3.000000", "0", "1.000000", "500.000000", "0x00000000", "Missile", "4", "", "0", "0", "1", "1", ""
0x0022D1A5, "SWC_Missile_Shinigami_Tsukisasu_40k_lvl38", "Tsukisasu 40k missile launcher", "DefaultSlot", "12", "3.000000", "0", "1.000000", "500.000000", "0x00000000", "Missile", "6", "", "0", "0", "1", "1", ""
0x0022D1AB, "SWC_Missile_LightScythe_Atlatl_270C_lvl20", "Atlatl 270C missile launcher", "DefaultSlot", "12", "3.000000", "0", "1.000000", "500.000000", "0x00000000", "Missile", "2", "", "0", "0", "1", "1", ""
0x0022D1AE, "SWC_Missile_Horizon_Devastator_1510_lvl84", "Devastator 1510 missile launcher", "DefaultSlot", "12", "3.000000", "0", "1.000000", "500.000000", "0x00000000", "Missile", "8", "", "0", "0", "1", "1", ""
0x0022D1AF, "SWC_Missile_Horizon_Devastator_1500_lvl44", "Devastator 1500 missile launcher", "DefaultSlot", "12", "3.000000", "0", "1.000000", "500.000000", "0x00000000", "Missile", "8", "", "0", "0", "1", "1", ""
0x0022D1B2, "SWC_Missile_Ballistic_CE-59_lvl62", "CE-59 missile launcher", "DefaultSlot", "12", "3.000000", "0", "1.000000", "500.000000", "0x00000000", "Missile", "4", "", "0", "0", "1", "1", ""
0x0022D1B3, "SWC_Missile_Ballistic_CE-49_lvl30", "CE-49 missile launcher", "DefaultSlot", "12", "3.000000", "0", "1.000000", "500.000000", "0x00000000", "Missile", "4", "", "0", "0", "1", "1", ""
0x0022D1B4, "SWB_Missile_Shinigami_Tsukisasu_33k_lvl66", "Tsukisasu 33k missile launcher", "DefaultSlot", "12", "3.000000", "0", "1.000000", "300.000000", "0x00000000", "Missile", "8", "", "0", "0", "1", "1", ""
0x0022D1B5, "SWB_Missile_Shinigami_Tsukisasu_25k_lvl32", "Tsukisasu 25k missile launcher", "DefaultSlot", "12", "3.000000", "0", "1.000000", "300.000000", "0x00000000", "Missile", "8", "", "0", "0", "1", "1", ""
0x0022D1BD, "SWB_Missile_LightScythe_Atlatl_280B_lvl48", "Atlatl 280B missile launcher", "DefaultSlot", "12", "3.000000", "0", "1.000000", "300.000000", "0x00000000", "Missile", "4", "", "0", "0", "1", "1", ""
0x0022D1BE, "SWB_Missile_LightScythe_Atlatl_270B_lvl14", "Atlatl 270B missile launcher", "DefaultSlot", "12", "3.000000", "0", "1.000000", "300.000000", "0x00000000", "Missile", "4", "", "0", "0", "1", "1", ""
0x0022D1C1, "SWB_Missile_Horizon_Hunter_Mag-450_lvl76", "Hunter Mag-450 missile launcher", "DefaultSlot", "12", "3.000000", "0", "1.000000", "300.000000", "0x00000000", "Missile", "10", "", "0", "0", "1", "1", ""
0x0022D1C2, "SWB_Missile_Horizon_Hunter_Mag-350_lvl38", "Hunter Mag-350 missile launcher", "DefaultSlot", "12", "3.000000", "0", "1.000000", "300.000000", "0x00000000", "Missile", "10", "", "0", "0", "1", "1", ""
0x0022D1C7, "SWB_Missile_Ballistic_CE-39_lvl56", "CE-39 missile launcher", "DefaultSlot", "12", "3.000000", "0", "1.000000", "300.000000", "0x00000000", "Missile", "6", "", "0", "0", "1", "1", ""
0x0022D1C8, "SWB_Missile_Ballistic_CE-29_lvl22", "CE-29 missile launcher", "DefaultSlot", "12", "3.000000", "0", "1.000000", "300.000000", "0x00000000", "Missile", "6", "", "0", "0", "1", "1", ""
0x0022D1C9, "SWA_Missile_Shinigami_Tsukisasu_19K_lvl52", "Tsukisasu 19K missile launcher", "DefaultSlot", "12", "3.000000", "0", "1.000000", "200.000000", "0x00000000", "Missile", "10", "", "0", "0", "1", "1", ""
0x0022D1CA, "SWA_Missile_Shinigami_Tsukisasu_13K_lvl14", "Tsukisasu 13K missile launcher", "DefaultSlot", "12", "3.000000", "0", "1.000000", "200.000000", "0x00000000", "Missile", "10", "", "0", "0", "1", "1", ""
0x0022D1D3, "SWA_Missile_LightScythe_Atlatl_280A_lvl32", "Atlatl 280A missile launcher", "DefaultSlot", "12", "3.000000", "0", "1.000000", "200.000000", "0x00000000", "Missile", "6", "", "0", "0", "1", "1", ""
0x0022D1D4, "SWA_Missile_LightScythe_Atlatl_270A_lvl01", "Atlatl 270A missile launcher", "DefaultSlot", "12", "3.000000", "0", "1.000000", "200.000000", "0x00000000", "Missile", "6", "", "0", "0", "1", "1", ""
0x0022D1D5, "SWA_Missile_Horizon_Infiltrator_SC-02_lvl64", "Infiltrator SC-02 missile launcher", "DefaultSlot", "12", "3.000000", "0", "1.000000", "200.000000", "0x00000000", "Missile", "14", "", "0", "0", "1", "1", ""
0x0022D1D6, "SWA_Missile_Horizon_Infiltrator_SC-01_lvl20", "Infiltrator SC-01 missile launcher", "DefaultSlot", "12", "3.000000", "0", "1.000000", "200.000000", "0x00000000", "Missile", "14", "", "0", "0", "1", "1", ""
0x0022D1DD, "SWA_Missile_Ballistic_CE-09_lvl08", "CE-09 missile launcher", "DefaultSlot", "12", "3.000000", "0", "1.000000", "200.000000", "0x00000000", "Missile", "8", "", "0", "0", "1", "1", ""
0x0022EC27, "CCT_Weapon_Ranged_Mouth_Grenade", "Creature Grenade Launcher Mouth", "CreatureRangedMouth1", "9", "16.000000", "100", "0.400000", "52.000000", "0x00000000", "", "0", "", "1829577", "0", "1", "1", ""
0x0022EC3E, "SWC_Particle_LightScythe_Obliterator-RF_250MeV_Alpha_Auto_lvl64", "Obliterator-RF 250MeV alpha beam", "DefaultSlot", "12", "3.000000", "0", "1.000000", "250.000000", "0x00000000", "SWC_Ammo_LightScythe_GenericParticle", "30", "", "0", "0", "1", "1", ""
0x0022EC3F, "SWB_Particle_LightScythe_Exterminator-RF_95MeV_Helion_Auto_lvl76", "Exterminator-RF 160MeV helion beam", "DefaultSlot", "12", "3.000000", "0", "1.000000", "150.000000", "0x00000000", "SWB_Ammo_LightScythe_GenericParticle", "33", "", "0", "0", "1", "1", ""
0x0022EC40, "SWB_Particle_LightScythe_Eradicator-RF_75MeV_Neutron_Auto_lvl38", "Eradicator-RF 75MeV neutron beam", "DefaultSlot", "12", "3.000000", "0", "1.000000", "150.000000", "0x00000000", "SWB_Ammo_LightScythe_GenericParticle", "33", "", "0", "0", "1", "1", ""
0x0022EC41, "SWA_Particle_LightScythe_Vaporizer-RF_35MeV_Proton_Auto_lvl64", "Vaporizer-RF 35MeV proton beam", "DefaultSlot", "12", "3.000000", "0", "1.000000", "100.000000", "0x00000000", "SWA_Ammo_LightScythe_GenericParticle", "36", "", "0", "0", "1", "1", ""
0x0022EC42, "SWA_Particle_LightScythe_Ravager-RF_20MeV_Electron_Auto_lvl26", "Ravager-RF 20MeV electron beam", "DefaultSlot", "12", "3.000000", "0", "1.000000", "100.000000", "0x00000000", "SWA_Ammo_LightScythe_GenericParticle", "36", "", "0", "0", "1", "1", ""
0x0022EC43, "SWC_Particle_Horizon_Disruptor_3340A_Alpha_Auto_lvl24", "Disrupter 3340 alpha oscillator", "DefaultSlot", "12", "3.000000", "0", "1.000000", "250.000000", "0x00000000", "SWC_Ammo_Horizon_GenericParticle", "18", "", "0", "0", "1", "1", ""
0x0022EC44, "SWB_Particle_Horizon_Disruptor_3330A_Helion_Auto_lvl46", "Disrupter 3330A helion oscillator", "DefaultSlot", "12", "3.000000", "0", "1.000000", "150.000000", "0x00000000", "SWB_Ammo_Horizon_GenericParticle", "21", "", "0", "0", "1", "1", ""
0x0022EC45, "SWB_Particle_Horizon_Disruptor_3320A_Neutron_Auto_lvl20", "Disruptor 3320A Auto Neutron Beam", "DefaultSlot", "12", "3.000000", "0", "1.000000", "150.000000", "0x00000000", "SWB_Ammo_Horizon_GenericParticle", "21", "", "0", "0", "1", "1", ""
0x0022EC46, "SWA_Particle_Horizon_Disruptor_3310A_Proton_Auto_lvl38", "Disruptor 3310A proton oscillator", "DefaultSlot", "12", "3.000000", "0", "1.000000", "100.000000", "0x00000000", "SWA_Ammo_Horizon_GenericParticle", "24", "", "0", "0", "1", "1", ""
0x0022EC47, "SWA_Particle_Horizon_Disruptor_3300A_Electron_Auto_lvl10", "Disruptor 3300A electron oscillator", "DefaultSlot", "12", "3.000000", "0", "1.000000", "100.000000", "0x00000000", "SWA_Ammo_Horizon_GenericParticle", "24", "", "0", "0", "1", "1", ""
0x0022EC48, "SWC_Particle_Ballistic_PBO-300_Alpha_Auto_lvl30", "PBO-300 alpha autoprojector", "DefaultSlot", "12", "3.000000", "0", "1.000000", "250.000000", "0x00000000", "SWC_Ammo_Ballistic_GenericParticle", "24", "", "0", "0", "1", "1", ""
0x0022EC49, "SWB_Particle_Ballistic_PBO-175_Helion_Auto_lvl60", "PBO-175 auto helion beam", "DefaultSlot", "12", "3.000000", "0", "1.000000", "150.000000", "0x00000000", "SWB_Ammo_Ballistic_GenericParticle", "27", "", "0", "0", "1", "1", ""
0x0022EC4A, "SWB_Particle_Ballistic_PBO-100_Neutron_Auto_lvl26", "PBO-100 auto neutron beam", "DefaultSlot", "12", "3.000000", "0", "1.000000", "150.000000", "0x00000000", "SWB_Ammo_Ballistic_GenericParticle", "27", "", "0", "0", "1", "1", ""
0x0022EC4B, "SWA_Particle_Ballistic_PBO-50_Proton_Auto_lvl48", "PBO-50 proton autoprojector", "DefaultSlot", "12", "3.000000", "0", "1.000000", "100.000000", "0x00000000", "SWA_Ammo_Ballistic_GenericParticle", "30", "", "0", "0", "1", "1", ""
0x0022EC4C, "SWA_Particle_Ballistic_PBO-30_Electron_Auto_lvl16", "PBO-30 electron autoprojector", "DefaultSlot", "12", "3.000000", "0", "1.000000", "100.000000", "0x00000000", "SWA_Ammo_Ballistic_GenericParticle", "30", "", "0", "0", "1", "1", ""
0x0022EC4E, "SWC_Particle_LightScythe_Obliterator_250MeV_Alpha_lvl46", "Obliterator 250MeV Alpha Beam", "DefaultSlot", "12", "3.000000", "0", "1.000000", "250.000000", "0x00000000", "SWC_Ammo_LightScythe_GenericParticle", "0", "", "0", "0", "1", "1", ""
0x0022EC4F, "SWB_Particle_LightScythe_Exterminator_95MeV_Helion_lvl60", "Exterminator 160MeV helion beam", "DefaultSlot", "12", "3.000000", "0", "1.000000", "150.000000", "0x00000000", "SWB_Ammo_LightScythe_GenericParticle", "0", "", "0", "0", "1", "1", ""
0x0022EC50, "SWB_Particle_LightScythe_Eradicator_75MeV_Neutron_lvl32", "Eradicator 75MeV neutron beam", "DefaultSlot", "12", "3.000000", "0", "1.000000", "150.000000", "0x00000000", "SWB_Ammo_LightScythe_GenericParticle", "0", "", "0", "0", "1", "1", ""
0x0022EC51, "SWA_Particle_LightScythe_Vaporizer_35MeV_Proton_lvl48", "Vaporizer 35MeV proton beam", "DefaultSlot", "12", "3.000000", "0", "1.000000", "100.000000", "0x00000000", "SWA_Ammo_LightScythe_GenericParticle", "0", "", "0", "0", "1", "1", ""
0x0022EC52, "SWA_Particle_LightScythe_Ravager_20MeV_Electron_lvl16", "Ravager 20MeV electron beam", "DefaultSlot", "12", "3.000000", "0", "1.000000", "100.000000", "0x00000000", "SWA_Ammo_LightScythe_GenericParticle", "0", "", "0", "0", "1", "1", ""
0x0022EC54, "SWC_Particle_Horizon_Disruptor_3340_Alpha_lvl20", "Disruptor 3340 alpha beam", "DefaultSlot", "12", "3.000000", "0", "1.000000", "250.000000", "0x00000000", "SWC_Ammo_Horizon_GenericParticle", "0", "", "0", "0", "1", "1", ""
0x0022EC55, "SWB_Particle_Horizon_Disruptor_3330_Helion_lvl38", "Disruptor 3330 helion beam", "DefaultSlot", "12", "3.000000", "0", "1.000000", "150.000000", "0x00000000", "SWB_Ammo_Horizon_GenericParticle", "0", "", "0", "0", "1", "1", ""
0x0022EC56, "SWB_Particle_Horizon_Disruptor_3320_Neutron_lvl14", "Disruptor 3320 Neutron Beam", "DefaultSlot", "12", "3.000000", "0", "1.000000", "150.000000", "0x00000000", "SWB_Ammo_Horizon_GenericParticle", "0", "", "0", "0", "1", "1", ""
0x0022EC57, "SWA_Particle_Horizon_Disruptor_3310_Proton_lvl26", "Disrupter 3310 proton beam", "DefaultSlot", "12", "3.000000", "0", "1.000000", "100.000000", "0x00000000", "SWA_Ammo_Horizon_GenericParticle", "0", "", "0", "0", "1", "1", ""
0x0022EC58, "SWA_Particle_Horizon_Disruptor_3300_Electron_lvl06", "Disrupter 3300 electron beam", "DefaultSlot", "12", "3.000000", "0", "1.000000", "100.000000", "0x00000000", "SWA_Ammo_Horizon_GenericParticle", "0", "", "0", "0", "1", "1", ""
0x0022EC5B, "SWC_Particle_Ballistic_PB-300_Alpha_lvl24", "PB-300 alpha projector", "DefaultSlot", "12", "3.000000", "0", "1.000000", "250.000000", "0x00000000", "SWC_Ammo_Ballistic_GenericParticle", "0", "", "0", "0", "1", "1", ""
0x0022EC5C, "SWB_Particle_Ballistic_PB-175_Helion_lvl36", "PB-175 helion beam", "DefaultSlot", "12", "3.000000", "0", "1.000000", "150.000000", "0x00000000", "SWB_Ammo_Ballistic_GenericParticle", "0", "", "0", "0", "1", "1", ""
0x0022EC5D, "SWB_Particle_Ballistic_PB-100_Neutron_lvl20", "PB-100 neutron beam", "DefaultSlot", "12", "3.000000", "0", "1.000000", "150.000000", "0x00000000", "SWB_Ammo_Ballistic_GenericParticle", "0", "", "0", "0", "1", "1", ""
0x0022EC5E, "SWA_Particle_Ballistic_PB-50_Proton_lvl38", "PB-50 proton projector", "DefaultSlot", "12", "3.000000", "0", "1.000000", "100.000000", "0x00000000", "SWA_Ammo_Ballistic_GenericParticle", "0", "", "0", "0", "1", "1", ""
0x0022EC5F, "SWA_Particle_Ballistic_PB-30_Electron_lvl10", "PB-30 Electron Beam", "DefaultSlot", "12", "3.000000", "0", "1.000000", "100.000000", "0x00000000", "SWA_Ammo_Ballistic_GenericParticle", "0", "", "0", "0", "1", "1", ""
0x0022EC60, "SWC_Laser_LightScythe_Blaze-P_2gw_SX_Auto_lvl34", "Blaze-P 2gw SX Pulse Laser", "DefaultSlot", "12", "3.000000", "0", "1.000000", "75.000000", "0x00000000", "SWC_Ammo_LightScythe_GenericLaser", "33", "", "0", "0", "1", "1", ""
0x0022EC61, "SWB_Laser_LightScythe_Torch-P_250mw_UV_Auto_lvl56", "Torch-P 250mw UV Pulse Laser", "DefaultSlot", "12", "3.000000", "0", "1.000000", "45.000000", "0x00000000", "SWB_Ammo_LightScythe_GenericLaser", "20", "", "0", "0", "1", "1", ""
0x0022EC62, "SWB_Laser_LightScythe_Scorch-P_60mw_Auto_lvl24", "Scorch-P 60mw Pulse Laser", "DefaultSlot", "12", "3.000000", "0", "1.000000", "45.000000", "0x00000000", "SWB_Ammo_LightScythe_GenericLaser", "20", "", "0", "0", "1", "1", ""
0x0022EC63, "SWA_Laser_LightScythe_Flare-P_15mw_IR_Auto_lvl12", "Flare-P 15mw IR pulse laser", "DefaultSlot", "12", "3.000000", "0", "1.000000", "30.000000", "0x00000000", "SWA_Ammo_LightScythe_GenericLaser", "25", "", "0", "0", "1", "1", ""
0x0022EC64, "SWA_Laser_LightScythe_Singe-P_4mw_MW_Auto_lvl44", "Singe-P 4mw MW pulse laser", "DefaultSlot", "12", "3.000000", "0", "1.000000", "30.000000", "0x00000000", "SWA_Ammo_LightScythe_GenericLaser", "25", "", "0", "0", "1", "1", ""
0x0022EC65, "SWC_Laser_Horizon_Dragon_261P_SX_Auto_lvl24", "Dragon 261P SX Pulse Laser", "DefaultSlot", "12", "3.000000", "0", "1.000000", "75.000000", "0x00000000", "SWC_Ammo_Horizon_GenericLaser", "20", "", "0", "0", "1", "1", ""
0x0022EC66, "SWB_Laser_Horizon_Dragon_251P_UV_Auto_lvl46", "Dragon 251P UV Pulse Laser", "DefaultSlot", "12", "3.000000", "0", "1.000000", "45.000000", "0x00000000", "SWB_Ammo_Horizon_GenericLaser", "33", "", "0", "0", "1", "1", ""
0x0022EC67, "SWB_Laser_Horizon_Dragon_241P_Auto_lvl18", "Dragon 241P Pulse Laser", "DefaultSlot", "12", "3.000000", "0", "1.000000", "45.000000", "0x00000000", "SWB_Ammo_Horizon_GenericLaser", "33", "", "0", "0", "1", "1", ""
0x0022EC68, "SWA_Laser_Horizon_Dragon_231P_IR_Auto_lvl30", "Dragon 231P IR Pulse Laser", "DefaultSlot", "12", "3.000000", "0", "1.000000", "30.000000", "0x00000000", "SWA_Ammo_Horizon_GenericLaser", "33", "", "0", "0", "1", "1", ""
0x0022EC69, "SWA_Laser_Horizon_Dragon_221P_MW_Auto_lvl06", "Dragon 221P MW pulse laser", "DefaultSlot", "12", "3.000000", "0", "1.000000", "30.000000", "0x00000000", "SWA_Ammo_Horizon_GenericLaser", "33", "", "0", "0", "1", "1", ""
0x0022EC6A, "SWC_Laser_Shinigami_Reza_300_PHz_SX_Auto_lvl64", "Reza 300 PHz SX Pulse Laser", "DefaultSlot", "12", "3.000000", "0", "1.000000", "75.000000", "0x00000000", "SWC_Ammo_Shinigami_GenericLaser", "40", "", "0", "0", "1", "1", ""
0x0022EC6B, "SWB_Laser_Shinigami_Reza_10_PHz_UV_Auto_lvl66", "Reza 10 PHz UV Pulse Laser", "DefaultSlot", "12", "3.000000", "0", "1.000000", "45.000000", "0x00000000", "SWC_Ammo_Shinigami_GenericLaser", "36", "", "0", "0", "1", "1", ""
0x0022EC6C, "SWB_Laser_Shinigami_Reza_600_THz_Auto_lvl38", "Reza 600 THz Pulse Laser", "DefaultSlot", "12", "3.000000", "0", "1.000000", "45.000000", "0x00000000", "SWB_Ammo_Shinigami_GenericLaser", "40", "", "0", "0", "1", "1", ""
0x0022EC6D, "SWA_Laser_Shinigami_Reza_30_THz_IR_Auto_lvl58", "Reza 30 THz IR Pulse Laser", "DefaultSlot", "12", "3.000000", "0", "1.000000", "30.000000", "0x00000000", "SWA_Ammo_Shinigami_GenericLaser", "40", "", "0", "0", "1", "1", ""
0x0022EC85, "SWC_Laser_LightScythe_Blaze_2gw_SX_lvl24", "Blaze 2gw SX Laser", "DefaultSlot", "12", "3.000000", "0", "1.000000", "75.000000", "0x00000000", "SWM_Ammo_LightScythe_GenericLaser", "0", "", "0", "0", "1", "1", ""
0x0022EC86, "SWB_Laser_LightScythe_Scorch_60mw_lvl18", "Scorch 60mw Laser", "DefaultSlot", "12", "3.000000", "0", "1.000000", "45.000000", "0x00000000", "SWB_Ammo_LightScythe_GenericLaser", "0", "", "0", "0", "1", "1", ""
0x0022EC87, "SWB_Laser_LightScythe_Torch_250mw_UV_lvl46", "Torch 250mw Laser", "DefaultSlot", "12", "3.000000", "0", "1.000000", "45.000000", "0x00000000", "SWB_Ammo_LightScythe_GenericLaser", "0", "", "0", "0", "1", "1", ""
0x0022EC88, "SWA_Laser_LightScythe_Flare_15MW_IR_lvl06", "Flaire 15mw IR laser", "DefaultSlot", "12", "3.000000", "0", "1.000000", "30.000000", "0x00000000", "SWA_Ammo_LightScythe_GenericLaser", "0", "", "0", "0", "1", "1", ""
0x0022EC89, "SWA_Laser_LightScythe_Singe_4MW_MW_lvl30", "Singe 4mw MW laser", "DefaultSlot", "12", "3.000000", "0", "1.000000", "30.000000", "0x00000000", "SWA_Ammo_LightScythe_GenericLaser", "0", "", "0", "0", "1", "1", ""
0x0022EC8B, "SWC_Laser_Horizon_Dragon_261_SX_lvl20", "Dragon 261 SX Laser", "DefaultSlot", "12", "3.000000", "0", "1.000000", "75.000000", "0x00000000", "SWC_Ammo_Horizon_GenericLaser", "0", "", "0", "0", "1", "1", ""
0x0022EC8C, "SWB_Laser_Horizon_Dragon_251_UV_lvl38", "Dragon 251 UV Laser", "DefaultSlot", "12", "3.000000", "0", "1.000000", "45.000000", "0x00000000", "SWB_Ammo_Horizon_GenericLaser", "0", "", "0", "0", "1", "1", ""
0x0022EC8D, "SWB_Laser_Horizon_Dragon_241_lvl14", "Dragon 241 Llaser", "DefaultSlot", "12", "3.000000", "0", "1.000000", "45.000000", "0x00000000", "SWB_Ammo_Horizon_GenericLaser", "0", "", "0", "0", "1", "1", ""
0x0022EC8E, "SWA_Laser_Horizon_Dragon_231_IR_lvl20", "Dragon 221 IR Laser", "DefaultSlot", "12", "3.000000", "0", "1.000000", "30.000000", "0x00000000", "SWA_Ammo_Horizon_GenericLaser", "0", "", "0", "0", "1", "1", ""
0x0022EC8F, "SWA_Laser_Horizon_Dragon_221_MW_lvl01", "Dragon 221 MW_Laser", "DefaultSlot", "12", "3.000000", "0", "1.000000", "15.000000", "0x00000000", "SWA_Ammo_Horizon_GenericLaser", "0", "", "0", "0", "1", "1", ""
0x0022F29C, "SWC_Ballistic_Shinigami_Jishaku_Nd_RF_Auto_lvl30", "Jishaku Nd RF railgun", "DefaultSlot", "12", "3.000000", "0", "1.000000", "125.000000", "0x00000000", "SWC_Ammo_Shinigami_GenericCannon", "33", "", "0", "0", "1", "1", ""
0x0022F29D, "SWC_Ballistic_Shinigami_Jishaku_Nd_lvl24", "Jishaku Nd Railgun", "DefaultSlot", "12", "3.000000", "0", "1.000000", "125.000000", "0x00000000", "SWC_Ammo_Shinigami_GenericCannon", "0", "", "0", "0", "1", "1", ""
0x0022F29F, "SWB_Ballistic_Shinigami_Jishaku_AlNiCo_RF_Auto_lvl66", "Jishaku AlNiCo RF railgun", "DefaultSlot", "12", "3.000000", "0", "1.000000", "75.000000", "0x00000000", "SWB_Ammo_Shinigami_GenericCannon", "20", "", "0", "0", "1", "1", ""
0x0022F2A0, "SWB_Ballistic_Shinigami_Jishaku_AlNiCo_lvl48", "Jishaku AlNiCo railgun", "DefaultSlot", "12", "3.000000", "0", "1.000000", "75.000000", "0x00000000", "SWB_Ammo_Shinigami_GenericCannon", "0", "", "0", "0", "1", "1", ""
0x0022F2A1, "SWB_Ballistic_Shinigami_Jishaku_Fe_RF_Auto_lvl26", "Jishaku Fe RF railgun", "DefaultSlot", "12", "3.000000", "0", "1.000000", "75.000000", "0x00000000", "SWB_Ammo_Shinigami_GenericCannon", "20", "", "0", "0", "1", "1", ""
0x0022F2A2, "SWB_Ballistic_Shinigami_Jishaku_Fe_lvl22", "Jishaku Fe railgun", "DefaultSlot", "12", "3.000000", "0", "1.000000", "75.000000", "0x00000000", "SWB_Ammo_Shinigami_GenericCannon", "0", "", "0", "0", "1", "1", ""
0x0022F2A3, "SWA_Ballistic_Shinigami_Dangan_38_Auto_lvl46", "Dangan W RF Autocannon", "DefaultSlot", "12", "3.000000", "0", "1.000000", "50.000000", "0x00000000", "SWA_Ammo_Shinigami_GenericCannon", "20", "", "0", "0", "1", "1", ""
0x0022F2A4, "SWA_Ballistic_Shinigami_Dangan_38_lvl32", "Dangan W Cannon", "DefaultSlot", "12", "3.000000", "0", "1.000000", "50.000000", "0x00000000", "SWC_Ammo_Shinigami_GenericCannon", "0", "", "0", "0", "1", "1", ""
0x0022F2A5, "SWA_Ballistic_Shinigami_Dangan_27_Auto_lvl14", "Dangan 27 Autocannon", "DefaultSlot", "12", "3.000000", "0", "1.000000", "50.000000", "0x00000000", "SWA_Ammo_Shinigami_GenericCannon", "20", "", "0", "0", "1", "1", ""
0x0022F2A6, "SWA_Ballistic_Shinigami_Dangan_27_lvl08", "Dangan 27 Cannon", "DefaultSlot", "12", "3.000000", "0", "1.000000", "50.000000", "0x00000000", "SWC_Ammo_Shinigami_GenericCannon", "0", "", "0", "0", "1", "1", ""
0x0022F2A7, "SWC_Ballistic_Horizon_Marauder_115N_Auto_lvl62", "Marauder 115N Auto Railgun", "DefaultSlot", "12", "3.000000", "0", "1.000000", "125.000000", "0x00000000", "SWC_Ammo_Horizon_GenericCannon", "20", "", "0", "0", "1", "1", ""
0x0022F2AA, "SWC_Ballistic_Horizon_Marauder_115N_lvl38", "Marauder 115N railgun", "DefaultSlot", "12", "3.000000", "0", "1.000000", "125.000000", "0x00000000", "SWC_Ammo_Horizon_GenericCannon", "0", "", "0", "0", "1", "1", ""
0x0022F2AB, "SWC_Ballistic_Horizon_Marauder_114ANC_Auto_lvl24", "Marauder 114ANC Auto Railgun", "DefaultSlot", "12", "3.000000", "0", "1.000000", "125.000000", "0x00000000", "SWC_Ammo_Horizon_GenericCannon", "20", "", "0", "0", "1", "1", ""
0x0022F2AC, "SWC_Ballistic_Horizon_Marauder_114ANC_lvl20", "Marauder 114ANC Railgun", "DefaultSlot", "12", "3.000000", "0", "1.000000", "125.000000", "0x00000000", "SWC_Ammo_Horizon_GenericCannon", "0", "", "0", "0", "1", "1", ""
0x0022F2AD, "SWB_Ballistic_Horizon_Mauler_107I_Auto_lvl56", "Mauler 107I autocannon", "DefaultSlot", "12", "3.000000", "0", "1.000000", "75.000000", "0x00000000", "SWB_Ammo_Horizon_GenericCannon", "33", "", "0", "0", "1", "1", ""
0x0022F2AE, "SWB_Ballistic_Horizon_Mauler_107I_lvl38", "Mauler 107I cannon", "DefaultSlot", "12", "3.000000", "0", "1.000000", "75.000000", "0x00000000", "SWB_Ammo_Horizon_GenericCannon", "0", "", "0", "0", "1", "1", ""
0x0022F2AF, "SWB_Ballistic_Horizon_Mauler_106T_Auto_lvl20", "Mauler 106T autocannon", "DefaultSlot", "12", "3.000000", "0", "1.000000", "75.000000", "0x00000000", "SWB_Ammo_Horizon_GenericCannon", "33", "", "0", "0", "1", "1", ""
0x0022F2B0, "SWB_Ballistic_Horizon_Mauler_106T_lvl14", "Mauler 106T cannon", "DefaultSlot", "12", "3.000000", "0", "1.000000", "75.000000", "0x00000000", "SWB_Ammo_Horizon_GenericCannon", "0", "", "0", "0", "1", "1", ""
0x0022F2B1, "SWA_Ballistic_Horizon_Mauler_105U_Auto_lvl32", "Mauler 105U autocannon", "DefaultSlot", "12", "3.000000", "0", "1.000000", "50.000000", "0x00000000", "SWA_Ammo_Horizon_GenericCannon", "20", "", "0", "0", "1", "1", ""
0x0022F2B2, "SWA_Ballistic_Horizon_Mauler_105U_lvl24", "Mauler 105U cannon", "DefaultSlot", "12", "3.000000", "0", "1.000000", "50.000000", "0x00000000", "SWA_Ammo_Horizon_GenericCannon", "0", "", "0", "0", "1", "1", ""
0x0022F2B3, "SWA_Ballistic_Horizon_Mauler_104L_Auto_lvl08", "Mauler 104L autocannon", "DefaultSlot", "12", "3.000000", "0", "1.000000", "50.000000", "0x00000000", "SWA_Ammo_Horizon_GenericCannon", "20", "", "0", "0", "1", "1", ""
0x0022F2B6, "SWC_Ballistic_Ballistic_MKE-9A_Auto_lvl72", "MKE-9A Auto Gauss Gun", "DefaultSlot", "12", "3.000000", "0", "1.000000", "125.000000", "0x00000000", "SWC_Ammo_Ballistic_GenericCannon", "40", "", "0", "0", "1", "1", ""
0x0022F2B7, "SWC_Ballistic_Ballistic_MKE-9_lvl44", "MKE-9 Gauss Gun", "DefaultSlot", "12", "3.000000", "0", "1.000000", "125.000000", "0x00000000", "SWC_Ammo_Ballistic_GenericCannon", "0", "", "0", "0", "1", "1", ""
0x0022F2B8, "SWC_Ballistic_Ballistic_MKE-4A_Auto_lvl34", "MKE-4A Auto Gauss Gun", "DefaultSlot", "12", "3.000000", "0", "1.000000", "125.000000", "0x00000000", "SWC_Ammo_Ballistic_GenericCannon", "40", "", "0", "0", "1", "1", ""
0x0022F2B9, "SWC_Ballistic_Ballistic_MKE-4_lvl30", "MKE-4 Gauss Gun", "DefaultSlot", "12", "3.000000", "0", "1.000000", "125.000000", "0x00000000", "SWC_Ammo_Ballistic_GenericCannon", "0", "", "0", "0", "1", "1", ""
0x0022F2BA, "SWB_Ballistic_Ballistic_KE-49A_Auto_lvl76", "KE-49A cannon", "DefaultSlot", "12", "3.000000", "0", "1.000000", "75.000000", "0x00000000", "SWB_Ammo_Ballistic_GenericCannon", "20", "", "0", "0", "1", "1", ""
0x0022F2BB, "SWB_Ballistic_Ballistic_KE-49_lvl56", "KE-49 cannon", "DefaultSlot", "12", "3.000000", "0", "1.000000", "75.000000", "0x00000000", "SWB_Ammo_Ballistic_GenericCannon", "0", "", "0", "0", "1", "1", ""
0x0022F2BC, "SWB_Ballistic_Ballistic_KE-42A_Auto_lvl38", "KE-42A cannon", "DefaultSlot", "12", "3.000000", "0", "1.000000", "75.000000", "0x00000000", "SWB_Ammo_Ballistic_GenericCannon", "20", "", "0", "0", "1", "1", ""
0x0022F2BD, "SWB_Ballistic_Ballistic_KE-42_lvl32", "KE-42 cannon", "DefaultSlot", "12", "3.000000", "0", "1.000000", "75.000000", "0x00000000", "SWB_Ammo_Ballistic_GenericCannon", "0", "", "0", "0", "1", "1", ""
0x0022F2BE, "SWA_Ballistic_Ballistic_KE-31A_Auto_lvl58", "KE-31A Autocannon", "DefaultSlot", "12", "3.000000", "0", "1.000000", "50.000000", "0x00000000", "SWA_Ammo_Ballistic_GenericCannon", "20", "", "0", "0", "1", "1", ""
0x0022F2BF, "SWA_Ballistic_Ballistic_KE-31_lvl46", "KE-31 Cannon", "DefaultSlot", "12", "3.000000", "0", "1.000000", "50.000000", "0x00000000", "SWA_Ammo_Ballistic_GenericCannon", "0", "", "0", "0", "1", "1", ""
0x0022F2C0, "SWA_Ballistic_Ballistic_KE-20_lvl14", "KE-20 cannon", "DefaultSlot", "12", "3.000000", "0", "1.000000", "50.000000", "0x00000000", "SWA_Ammo_Ballistic_GenericCannon", "0", "", "0", "0", "1", "1", ""
0x00237555, "SWA_Ballistic_Ballistic_KE-20A_Auto_lvl24", "KE-20A cannon", "DefaultSlot", "12", "3.000000", "0", "1.000000", "50.000000", "0x00000000", "SWA_Ammo_Ballistic_GenericCannon", "20", "", "0", "0", "1", "1", ""
0x00238152, "UnarmedBipedA_Base", "UnarmedBipedA_Base", "CreatureBase", "0", "0.000000", "0", "1.000000", "40.000000", "0x00000000", "", "0", "", "0", "0", "1", "1", ""
0x00238940, "crModelA_Combat_Head_Armored", "", "MiddleHand", "9", "7.000000", "40", "0.500000", "0.000000", "0x00000000", "40mm XPL", "600000", "LLW_Ammo_Bridger", "3929940", "0", "1", "1", ""
0x0023AF2C, "UnarmedParasiteA_Base", "", "CreatureBase", "0", "0.000000", "0", "1.000000", "160.000000", "0x00000000", "", "0", "", "0", "0", "1", "1", ""
0x0023F5B7, "UnarmedMantaA_Base", "UnarmedMantaA_Base", "CreatureBase", "0", "0.000000", "0", "1.000000", "40.000000", "0x00000000", "", "0", "", "0", "0", "1", "1", ""
0x0023F5B8, "UnarmedSwimmerA_Base", "UnarmedSwimmerA_Base", "CreatureBase", "0", "0.000000", "0", "1.000000", "40.000000", "0x00000000", "", "0", "", "0", "0", "1", "1", ""
0x0024561C, "XM2311", "XM-2311", "BothHandsLeftOptional", "9", "1.100000", "8200", "1.000000", "56.000000", "0x0025CD26", ".45 Caliber", "9", "LLW_Ammo_M1919", "0", "0", "1", "1", "Weapons\Bullpup\BullpupDummyReceiver.nif"
0x0025220A, "Equinox_Vasco", "Vasco EquiNOX", "MiddleHand", "9", "7.000000", "45", "1.000000", "0.000000", "0x00000000", "3kV LZR", "20", "LLW_Ammo_Equinox", "2055584", "0", "1", "1", "Weapons\Bullpup\BullpupDummyReceiver.nif"
0x00253A16, "Kodama", "Kodama", "BothHandsLeftOptional", "9", "2.250000", "5120", "1.000000", "56.000000", "0x0025CD27", "7.77mm", "30", "LLW_Ammo_Kodama", "478614", "0", "3", "1", "Weapons\Bullpup\BullpupDummyReceiver.nif"
0x0026035E, "MagStorm", "Magstorm", "BothHandsLeftOptional", "9", "12.000000", "17390", "1.000000", "56.000000", "0x0025CD28", ".50 MI", "160", "LLW_Ammo_MagStorm", "2862653", "0", "1", "1", "Weapons\Bullpup\BullpupDummyReceiver.nif"
0x002634C3, "NOCLUTTER_ResearchUI_Kodama_Grip_01", "EquiNOX", "BothHandsLeftOptional", "9", "3.000000", "553", "1.000000", "0.000000", "0x0025CD25", "3kV LZR", "20", "LLW_Ammo_Equinox", "2055584", "0", "1", "1", "Weapons\Bullpup\BullpupDummyReceiver.nif"
0x002634C4, "NOCLUTTER_ResearchUI_Kodama_Grip_02", "EquiNOX", "BothHandsLeftOptional", "9", "3.000000", "553", "1.000000", "0.000000", "0x0025CD25", "3kV LZR", "20", "LLW_Ammo_Equinox", "2055584", "0", "1", "1", "Weapons\Bullpup\BullpupDummyReceiver.nif"
0x002634C5, "NOCLUTTER_ResearchUI_Kodama_Grip_03", "EquiNOX", "BothHandsLeftOptional", "9", "3.000000", "553", "1.000000", "0.000000", "0x0025CD25", "3kV LZR", "20", "LLW_Ammo_Equinox", "2055584", "0", "1", "1", "Weapons\Bullpup\BullpupDummyReceiver.nif"
0x002634C6, "NOCLUTTER_ResearchUI_Eon_Magazine_01", "Eon", "BothHandsLeftOptional", "9", "0.550000", "100", "1.000000", "56.000000", "0x0025CD26", "7.77mm", "12", "LLW_Ammo_Eon", "401802", "0", "1", "1", "Weapons\Bullpup\BullpupDummyReceiver.nif"
0x002634C7, "NOCLUTTER_ResearchUI_Eon_Magazine_02", "Eon", "BothHandsLeftOptional", "9", "0.550000", "100", "1.000000", "56.000000", "0x0025CD26", "7.77mm", "12", "LLW_Ammo_Eon", "401802", "0", "1", "1", "Weapons\Bullpup\BullpupDummyReceiver.nif"
0x002634C8, "NOCLUTTER_ResearchUI_Eon_Magazine_03", "Eon", "BothHandsLeftOptional", "9", "0.550000", "100", "1.000000", "56.000000", "0x0025CD26", "7.77mm", "12", "LLW_Ammo_Eon", "401802", "0", "1", "1", "Weapons\Bullpup\BullpupDummyReceiver.nif"
0x002634C9, "NOCLUTTER_ResearchUI_Breach_Receiver_01", "Grendel", "BothHandsLeftOptional", "9", "2.650000", "1006", "1.000000", "56.000000", "0x0025CD27", "7.77mm", "50", "LLW_Ammo_Grendel", "18463", "0", "1", "1", "Weapons\Bullpup\BullpupDummyReceiver.nif"
0x0026D89D, "ShrapnelGrenade", "Shrapnel Grenade", "GrenadeSlot", "10", "0.300000", "450", "1.000000", "40.000000", "0x00000000", "", "0", "", "3710697", "0", "1", "1", "Weapons\impact_shrepnelgrenade\Grenadeshrepnel.nif"
0x0026D89E, "ParticleGrenade", "Particle Grenade", "GrenadeSlot", "10", "0.400000", "575", "1.000000", "40.000000", "0x00000000", "", "0", "", "2589636", "0", "1", "1", "Weapons\ParticleGrenade\Grenadeparticle.nif"
0x0026D89F, "ImpactGrenade", "Impact Grenade", "GrenadeSlot", "10", "0.200000", "450", "1.000000", "40.000000", "0x00000000", "", "0", "", "348526", "0", "1", "1", "Weapons\impact_shrepnelgrenade\GrenadeImpact.nif"
0x0026D8A0, "InflictorRifle", "Va'ruun Inflictor", "BothHandsLeftOptional", "9", "3.750000", "22500", "1.000000", "56.000000", "0x0025CD27", "Heavy Fuse", "20", "LLW_Ammo_InflictorRifle", "805159", "0", "1", "1", "Weapons\Bullpup\BullpupDummyReceiver.nif"
0x0026D8A1, "Wakizashi", "Wakizashi", "BothHands", "1", "1.350000", "6140", "1.000000", "40.000000", "0x00000000", "", "0", "", "0", "0", "1", "1", "Weapons\Wakizashi\Wakizashi.nif"
0x0026D8A2, "PainBlade", "Va'ruun Painblade", "BothHands", "1", "1.800000", "11260", "1.000000", "40.000000", "0x00000000", "", "0", "", "0", "0", "1", "1", "Weapons\PainBlade\painblade.nif"
0x0026D8A3, "Tanto", "Tanto", "BothHands", "2", "0.450000", "3075", "1.000000", "40.000000", "0x00000000", "", "0", "", "0", "0", "1", "1", "Weapons\Tanto\Tanto.nif"
0x0026D8A4, "InflictorPistol", "Va'ruun Starshard", "BothHandsLeftOptional", "9", "1.000000", "18250", "1.000000", "56.000000", "0x0025CD26", "Light Fuse", "12", "LLW_Ammo_InflictorPistol", "805159", "0", "1", "1", "Weapons\Bullpup\BullpupDummyReceiver.nif"
0x0026D8A5, "Cutlass", "UC Naval Cutlass", "BothHands", "1", "1.400000", "935", "1.000000", "40.000000", "0x00000000", "", "0", "", "0", "0", "1", "1", "Weapons\Cutlass\cutlass.nif"
0x0026D95D, "Sidestar", "Sidestar", "BothHandsLeftOptional", "9", "0.650000", "825", "1.000000", "56.000000", "0x0025CD26", ".27 Caliber", "17", "LLW_Ammo_Sidestar", "478618", "0", "1", "1", "Weapons\Bullpup\BullpupDummyReceiver.nif"
0x0026D95E, "Gutter", "Ripshank", "BothHands", "1", "0.400000", "365", "1.000000", "40.000000", "0x00000000", "", "0", "", "0", "0", "1", "1", "Weapons\Gutter\Gutter.nif"
0x0026D960, "Shotty", "Shotty", "BothHandsLeftOptional", "9", "2.950000", "6140", "1.000000", "56.000000", "0x0025CD27", "Caseless Shell", "12", "LLW_Ammo_Shotty", "582786", "0", "8", "1", "Weapons\Bullpup\BullpupDummyReceiver.nif"
0x0026D961, "Solstice", "Solstice", "BothHandsLeftOptional", "9", "1.100000", "1400", "1.000000", "56.000000", "0x0025CD26", "1.5kV LZR", "16", "LLW_Ammo_Solstice", "2055584", "0", "1", "1", "Weapons\Bullpup\BullpupDummyReceiver.nif"
0x0026D963, "BigBang", "Big Bang", "BothHandsLeftOptional", "9", "7.000000", "12870", "1.000000", "80.000000", "0x0025CD28", "Heavy Fuse", "8", "LLW_Ammo_BigBang", "793944", "0", "8", "1", "Weapons\Bullpup\BullpupDummyReceiver.nif"
0x0026D964, "AutoRivet", "Auto-Rivet", "BothHandsLeftOptional", "9", "4.500000", "7640", "1.000000", "56.000000", "0x0025CD28", "Rivet", "10", "LLW_Ammo_AutoRivet", "0", "0", "1", "1", "Weapons\Bullpup\BullpupDummyReceiver.nif"
0x0026D965, "ArcWelder", "Arc Welder", "BothHandsLeftOptional", "9", "4.200000", "2450", "1.000000", "0.000000", "0x0025CD28", "3kV LZR", "100", "LLW_Ammo_ArcWelder", "169405", "0", "3", "1", "Weapons\Bullpup\BullpupDummyReceiver.nif"
0x0026D966, "OsmiumKnife", "Osmium Dagger", "BothHands", "2", "2.700000", "2395", "1.000000", "40.000000", "0x00000000", "", "0", "", "0", "0", "1", "1", "Weapons\arborondagger\ArboronDagger.nif"
0x0026D967, "Novalight", "Novalight", "BothHandsLeftOptional", "9", "1.350000", "3850", "1.000000", "56.000000", "0x0025CD26", "Light Fuse", "12", "LLW_Ammo_Novalight", "43941", "0", "1", "1", "Weapons\Bullpup\BullpupDummyReceiver.nif"
0x0026D968, "Novablast", "Novablast Disruptor", "BothHandsLeftOptional", "9", "2.700000", "4750", "1.000000", "56.000000", "0x0025CD25", "Heavy Fuse", "5", "LLW_Ammo_Novablast", "805768", "0", "1", "1", "Weapons\Bullpup\BullpupDummyReceiver.nif"
0x0026D96A, "Bridger", "Bridger", "BothHandsLeftOptional", "9", "5.500000", "8190", "1.000000", "80.000000", "0x0025CD28", "40mm XPL", "4", "LLW_Ammo_Bridger", "2731567", "0", "1", "1", "Weapons\Bullpup\BullpupDummyReceiver.nif"
0x0026D96B, "Coachman", "Coachman", "BothHandsLeftOptional", "9", "3.000000", "1650", "1.000000", "56.000000", "0x0025CD28", "Caseless Shell", "2", "LLW_Ammo_Coachman", "3764255", "0", "5", "1", "Weapons\Bullpup\BullpupDummyReceiver.nif"
0x0026D96C, "M1919", "Old Earth Pistol", "BothHandsLeftOptional", "9", "1.100000", "4350", "1.000000", "56.000000", "0x0025CD26", ".45 Caliber", "9", "LLW_Ammo_M1919", "0", "0", "1", "1", "Weapons\Bullpup\BullpupDummyReceiver.nif"
0x0026D96D, "UrbanEagle", "Urban Eagle", "BothHandsLeftOptional", "9", "1.750000", "4800", "1.000000", "56.000000", "0x0025CD24", ".43 Ultramag", "7", "LLW_Ammo_UrbanEagle", "478618", "0", "1", "1", "Weapons\Bullpup\BullpupDummyReceiver.nif"
0x0026D96E, "OLD_Ecliptic", "Ecliptic Pistol", "BothHandsLeftOptional", "9", "1.000000", "45", "1.000000", "0.000000", "0x0025CD26", "11mm XPL", "10", "CUT_LLW_Ammo_Ecliptic", "0", "0", "1", "1", "Weapons\Beowulf\Beowulf.nif"
0x0026D970, "Rocketlauncher", "Negotiator", "BothHandsLeftOptional", "9", "10.000000", "21200", "1.000000", "0.000000", "0x0025CD25", "40mm XPL", "8", "LLW_Ammo_Rocketlauncher", "301908", "0", "1", "1", "Weapons\Bullpup\BullpupDummyReceiver.nif"
0x0026ED2A, "RussianAssaultRifle", "Old Earth Assault Rifle", "BothHandsLeftOptional", "9", "3.500000", "9620", "1.000000", "56.000000", "0x0025CD25", "7.62mm", "30", "LLW_Ammo_RussianAssaultRifle", "478611", "0", "1", "1", "Weapons\Bullpup\BullpupDummyReceiver.nif"
0x0026F180, "IncendiaryGrenade", "Incendiary Grenade", "GrenadeSlot", "10", "0.300000", "480", "1.000000", "40.000000", "0x00000000", "", "0", "", "3710696", "0", "1", "1", "Weapons\IncendiaryGrenade\GrenadeIncendiary.nif"
0x0026F181, "BarrowKnife", "Barrow Knife", "BothHands", "2", "0.340000", "1220", "1.000000", "40.000000", "0x00000000", "", "0", "", "0", "0", "1", "1", "Weapons\BarrowKnife\barrowknife.nif"
0x002773C8, "Orion", "Orion", "BothHandsLeftOptional", "9", "4.700000", "3075", "1.000000", "0.000000", "0x0025CD25", "3kV LZR", "30", "LLW_Ammo_Orion", "1839460", "0", "2", "1", "Weapons\Bullpup\BullpupDummyReceiver.nif"
0x00278F74, "pumpshotgun", "Old Earth Shotgun", "BothHandsLeftOptional", "9", "3.600000", "2870", "1.000000", "80.000000", "0x0025CD25", "12g Shell", "6", "LLW_Ammo_PumpShotgun", "2129674", "0", "8", "1", "Weapons\Bullpup\BullpupDummyReceiver.nif"
0x002953F8, "Pacifier", "Pacifier", "BothHandsLeftOptional", "9", "2.750000", "4590", "1.000000", "80.000000", "0x0025CD25", "15x25 CLL Shell", "7", "LLW_Ammo_Pacifier", "2123793", "0", "8", "1", "Weapons\Bullpup\BullpupDummyReceiver.nif"
0x00295EFC, "RI03_Eon_MalaiLiskovaGun", "Ember", "BothHandsLeftOptional", "9", "0.550000", "200", "1.000000", "56.000000", "0x0025CD26", "7.77mm", "12", "LLW_Ammo_Eon", "401802", "0", "1", "1", "Weapons\Bullpup\BullpupDummyReceiver.nif"
0x002984DF, "Maelstrom", "Maelstrom", "BothHandsLeftOptional", "9", "4.150000", "1100", "2.000000", "56.000000", "0x0025CD25", "6.5mm", "40", "LLW_Ammo_Maelstrom", "1968384", "0", "1", "1", "Weapons\Bullpup\BullpupDummyReceiver.nif"
0x0029EAED, "UnarmedMantidA_Base", "UnarmedMantidA_Base", "CreatureBase", "0", "0.000000", "0", "1.000000", "40.000000", "0x00000000", "", "0", "", "0", "0", "1", "1", ""
0x002A095C, "UnarmedMantidA_Tail", "UnarmedMantidA_Tail", "CreatureTail", "0", "0.000000", "0", "1.000000", "40.000000", "0x00000000", "", "0", "", "0", "0", "1", "1", ""
0x002AB1CD, "RobotModelS_Turret_FireSingle", "RightArm_FireAuto", "MiddleHand", "9", "3.000000", "45", "1.000000", "56.000000", "0x00000000", "9x39mm", "0", "", "1968384", "0", "1", "1", "Effects\fxemptynode.nif"
0x002AC975, "RobotModelS_Turret_FireAuto", "RightArm_FireAuto", "MiddleHand", "9", "3.000000", "45", "1.000000", "56.000000", "0x00000000", "9x39mm", "0", "", "4104984", "0", "1", "1", "Effects\fxemptynode.nif"
0x002BF65B, "AA99", "AA-99", "BothHandsLeftOptional", "9", "3.000000", "7150", "1.000000", "56.000000", "0x0025CD25", "11mm", "25", "LLW_Ammo_AA99", "1968384", "0", "1", "1", "Weapons\Bullpup\BullpupDummyReceiver.nif"
0x002C7D29, "crModelA_Equinox", "CombaTech EquiNOX", "MiddleHand", "9", "7.000000", "45", "1.000000", "0.000000", "0x00000000", "3kV LZR", "20", "LLW_Ammo_Equinox", "0", "0", "1", "1", "Weapons\Bullpup\BullpupDummyReceiver.nif"
0x002C7EF6, "NOCLUTTER_ResearchUI_Drumbeat_Internal_02", "Grendel", "BothHandsLeftOptional", "9", "2.650000", "1006", "1.000000", "56.000000", "0x0025CD27", "7.77mm", "50", "LLW_Ammo_Grendel", "18463", "0", "1", "1", "Weapons\Bullpup\BullpupDummyReceiver.nif"
0x002C7EF7, "NOCLUTTER_ResearchUI_Drumbeat_Internal_03", "Grendel", "BothHandsLeftOptional", "9", "2.650000", "1006", "1.000000", "56.000000", "0x0025CD27", "7.77mm", "50", "LLW_Ammo_Grendel", "18463", "0", "1", "1", "Weapons\Bullpup\BullpupDummyReceiver.nif"
0x002C7EFC, "NOCLUTTER_ResearchUI_HardTarget_OpticsSights_02", "Hard Target", "BothHandsLeftOptional", "9", "8.700000", "6929", "1.000000", "56.000000", "0x0025CD25", ".50 Caliber", "5", "LLW_Ammo_HardTarget", "3023806", "0", "1", "1", "Weapons\Bullpup\BullpupDummyReceiver.nif"
0x002C7EFD, "NOCLUTTER_ResearchUI_HardTarget_OpticsSights_01", "Hard Target", "BothHandsLeftOptional", "9", "8.700000", "6929", "1.000000", "56.000000", "0x0025CD25", ".50 Caliber", "5", "LLW_Ammo_HardTarget", "3023806", "0", "1", "1", "Weapons\Bullpup\BullpupDummyReceiver.nif"
0x002C7EFE, "NOCLUTTER_ResearchUI_HardTarget_OpticsSights_03", "Hard Target", "BothHandsLeftOptional", "9", "8.700000", "6929", "1.000000", "56.000000", "0x0025CD25", ".50 Caliber", "5", "LLW_Ammo_HardTarget", "3023806", "0", "1", "1", "Weapons\Bullpup\BullpupDummyReceiver.nif"
0x002C7F02, "NOCLUTTER_ResearchUI_Sidestar_Muzzle_01", "Big Bang", "BothHandsLeftOptional", "9", "7.000000", "4933", "1.000000", "80.000000", "0x0025CD28", "Heavy Fuse", "8", "LLW_Ammo_BigBang", "0", "0", "16", "1", "Weapons\Bullpup\BullpupDummyReceiver.nif"
0x002C7F03, "NOCLUTTER_ResearchUI_Sidestar_Muzzle_02", "Big Bang", "BothHandsLeftOptional", "9", "7.000000", "4933", "1.000000", "80.000000", "0x0025CD28", "Heavy Fuse", "8", "LLW_Ammo_BigBang", "0", "0", "16", "1", "Weapons\Bullpup\BullpupDummyReceiver.nif"
0x002C7F04, "NOCLUTTER_ResearchUI_Sidestar_Muzzle_03", "Big Bang", "BothHandsLeftOptional", "9", "7.000000", "4933", "1.000000", "80.000000", "0x0025CD28", "Heavy Fuse", "8", "LLW_Ammo_BigBang", "0", "0", "16", "1", "Weapons\Bullpup\BullpupDummyReceiver.nif"
0x002CD599, "DebugVorpalGun", "Equinox", "BothHandsLeftOptional", "9", "3.000000", "650", "1.000000", "0.000000", "0x0025CD25", "3kV LZR", "20", "LLW_Ammo_Equinox", "2055584", "0", "1", "1", "Weapons\Bullpup\BullpupDummyReceiver.nif"
0x002CE40D, "UnarmedMantidA_Claw", "UnarmedMantidA_Claw", "CreatureClaw", "0", "0.000000", "0", "1.000000", "40.000000", "0x00000000", "", "0", "", "0", "0", "1", "1", ""
0x002D01CC, "UnarmedOctopedeA_Head", "UnarmedOctopedeA_Head", "CreatureHead", "0", "0.000000", "0", "1.000000", "40.000000", "0x00000000", "", "0", "", "0", "0", "1", "1", ""
0x002D01CD, "UnarmedMantidA_Head", "UnarmedMantidA_Head", "CreatureHead", "0", "0.000000", "0", "1.000000", "40.000000", "0x00000000", "", "0", "", "0", "0", "1", "1", ""
0x002D01CE, "UnarmedMantidA_Mouth", "UnarmedMantidA_Mouth", "CreatureMouth", "0", "0.000000", "0", "1.000000", "40.000000", "0x00000000", "", "0", "", "0", "0", "1", "1", ""
0x002D01CF, "UnarmedOctopedeA_Tail", "UnarmedOctopedeA_Tail", "CreatureTail", "0", "0.000000", "0", "1.000000", "40.000000", "0x00000000", "", "0", "", "0", "0", "1", "1", ""
0x002E088E, "crTurretBallistic", "", "RightHand", "9", "3.000000", "45", "1.000000", "56.000000", "0x00000000", "7.77mm", "0", "LL_Ammo_777mm", "4104984", "0", "1", "1", ""
0x002F3F2A, "SWC_StarbornWeapon_GravityTorpedo01_lvl20", "Gravity Torpedo", "DefaultSlot", "9", "3.000000", "0", "1.000000", "0.000000", "0x00000000", "Gravity Torpedo", "4", "", "0", "0", "1", "1", ""
0x002F3F2B, "SWC_StarbornWeapon_GravityTorpedo03_lvl50", "Gravity Torpedo", "DefaultSlot", "9", "3.000000", "0", "1.000000", "0.000000", "0x00000000", "Gravity Torpedo", "4", "", "0", "0", "1", "1", ""
0x002F413A, "FFNeonZ10_Sidestar", "Discarded Sidestar", "BothHandsLeftOptional", "9", "0.650000", "790", "1.000000", "56.000000", "0x0025CD26", ".27 Caliber", "17", "LLW_Ammo_Sidestar", "478618", "0", "1", "1", "Weapons\Bullpup\BullpupDummyReceiver.nif"
0x00316400, "crSecurityCamera", "", "RightHand", "9", "3.000000", "45", "1.000000", "56.000000", "0x00000000", "", "0", "", "0", "0", "1", "1", ""
0x00343C01, "crMiniBotARangedAttack_Mouth1_LASER", "crMiniBotRangedAttack_Mouth1_LASER", "CreatureRangedMouth1", "9", "3.000000", "45", "1.000000", "56.000000", "0x00000000", "", "0", "", "659281", "0", "1", "1", ""
0x00364E3A, "Crew_Elite_Shotty", "Shotty ELITE CREW ONLY", "BothHandsLeftOptional", "9", "2.950000", "3724", "1.000000", "56.000000", "0x0025CD27", "Caseless Shell", "12", "LLW_Ammo_Shotty", "582786", "0", "8", "1", "Weapons\Bullpup\BullpupDummyReceiver.nif"
0x00364E3B, "Crew_Elite_Regulator", "Regulator ELITE CREW ONLY", "BothHandsLeftOptional", "9", "0.700000", "2063", "1.000000", "56.000000", "0x0025CD26", ".43 Ultramag", "8", "LLW_Ammo_Regulator", "3568571", "0", "1", "1", "Weapons\Bullpup\BullpupDummyReceiver.nif"
0x0036E6F5, "Crew_Elite_Grendel", "Grendel ELITE CREW ONLY", "BothHandsLeftOptional", "9", "2.650000", "1006", "1.000000", "56.000000", "0x0025CD27", "7.77mm", "50", "LLW_Ammo_Grendel", "478612", "0", "1", "1", "Weapons\Bullpup\BullpupDummyReceiver.nif"
0x00389F33, "InfernoMine", "Inferno Mine", "GrenadeSlot", "11", "0.400000", "510", "1.000000", "40.000000", "0x00000000", "", "0", "", "2213114", "0", "1", "1", "Weapons\GasMine\InfernoMine.nif"
0x00389F34, "CryoMine", "Cryo Mine", "GrenadeSlot", "11", "0.400000", "575", "1.000000", "40.000000", "0x00000000", "", "0", "", "2213115", "0", "1", "1", "Weapons\CryoMine\CryoMine.nif"
0x00389F37, "TeslaMine", "Tesla Pylon", "GrenadeSlot", "11", "0.500000", "675", "1.000000", "40.000000", "0x00000000", "", "0", "", "2213118", "0", "1", "1", "Weapons\TeslaMine\TeslaMine.nif"
0x003B9AB2, "crModelA_Crimsonfleet_RightGun_Auto", "", "RightHand", "9", "7.000000", "45", "1.000000", "0.000000", "0x00000000", "7.77mm", "10000", "LL_Ammo_777mm", "0", "0", "1", "1", ""
0x003B9AB3, "crModelA_Crimsonfleet_LeftGun_Auto", "", "LeftHand", "9", "7.000000", "45", "1.000000", "0.000000", "0x00000000", "7.77mm", "10000", "LL_Ammo_777mm", "0", "0", "1", "1", ""
0x003B9AB4, "ModelA_LaserTracker", "ModelATracker", "MiddleHand", "9", "3.700000", "40", "1.000000", "0.000000", "0x00000000", "", "0", "", "3906224", "0", "4", "1", ""
0x003BF755, "crModelA_Crimsonfleet_FlameRightGun", "", "RightHand", "9", "7.000000", "45", "2.000000", "0.000000", "0x00000000", "", "600000", "", "3929939", "0", "1", "1", ""
0x003BF756, "crModelA_Crimsonfleet_FlameLeftGun", "", "LeftHand", "9", "7.000000", "45", "2.000000", "0.000000", "0x00000000", "", "600000", "", "3929939", "0", "1", "1", ""
0x003BF757, "crModelA_CrimsonFleet_ArmoredRightGun", "", "RightHand", "9", "7.000000", "45", "0.133000", "0.000000", "0x00000000", "40mm XPL", "600000", "LLW_Ammo_Bridger", "3929940", "0", "1", "1", ""
0x003BF758, "crModelA_CrimsonFleet_ArmoredLeftGun", "", "LeftHand", "9", "7.000000", "45", "0.133000", "0.000000", "0x00000000", "40mm XPL", "600000", "LLW_Ammo_Bridger", "3929940", "0", "1", "1", ""
0x003C23E3, "SleepGasMine", "Stun Mine", "GrenadeSlot", "11", "0.400000", "605", "1.000000", "40.000000", "0x00000000", "", "0", "", "2213123", "0", "1", "1", "Weapons\GasMine\SleepGasMine.nif"
0x003C23E4, "ToxicGasMine", "Toxic Gas Mine", "GrenadeSlot", "11", "0.400000", "575", "1.000000", "40.000000", "0x00000000", "", "0", "", "2213117", "0", "1", "1", "Weapons\GasMine\ToxicGasMine.nif"
0x003CB56C, "crModelA_Security_HeavyLeftGun", "", "LeftHand", "9", "7.000000", "45", "1.000000", "0.000000", "0x00000000", "3kV LZR", "600000", "LLW_Ammo_Equinox", "0", "0", "1", "1", ""
0x003CB56D, "crModelA_Security_HeavyRightGun", "", "RightHand", "9", "7.000000", "45", "1.000000", "0.000000", "0x00000000", "3kV LZR", "600000", "LLW_Ammo_Equinox", "0", "0", "1", "1", ""
0x003E35C0, "CreatureRangedAttack_Mouth1_Spit", "Creature Ranged Attack Mouth Spit", "CreatureRangedMouth1", "9", "3.000000", "45", "1.000000", "56.000000", "0x00000000", "Creature Spit", "0", "", "0", "0", "1", "1", ""
0x003E35C1, "CreatureRangedAttack_Mouth1_Vomit", "Creature Ranged Attack Mouth Vomit", "CreatureRangedMouth1", "9", "3.000000", "45", "0.400000", "56.000000", "0x00000000", "Creature Vomit", "0", "", "0", "0", "1", "1", ""
0x003E3C3C, "CreatureRangedAttack_Mouth1_Spit_AoE_Hazard", "Creature Ranged Attack Mouth Spit AoE Hazard", "CreatureRangedMouth1", "9", "3.000000", "45", "1.000000", "56.000000", "0x00000000", "Creature Spit AoE", "0", "", "0", "0", "1", "1", ""
0x003E9B8E, "CreatureRangedAttack_Head_Spit_AoE_Hazard", "Creature Ranged Attack Head Spit AoE Hazard", "CreatureHead", "9", "3.000000", "45", "1.000000", "56.000000", "0x00000000", "Creature Spit AoE", "0", "", "0", "0", "1", "1", ""
0x003FA128, "UnarmedDummyRace", "CCT_DummyRace Unarmed Weapon", "CreatureBase", "0", "0.000000", "0", "1.000000", "40.000000", "0x00000000", "", "0", "", "0", "0", "1", "1", ""
0x003FA256, "CreatureRangedAttack_Mouth1_ExplosiveCloud", "Creature Ranged Attack Mouth ExplosiveCloud", "CreatureRangedMouth1", "9", "3.000000", "45", "0.400000", "56.000000", "0x00000000", "Creature Explosive", "0", "", "0", "0", "1", "1", ""
0x003FA257, "CreatureRangedAttack_Mouth1_NoxiousCloud", "Creature Ranged Attack Mouth NoxiousCloud", "CreatureRangedMouth1", "9", "3.000000", "45", "0.400000", "56.000000", "0x00000000", "Creature Noxious", "0", "", "0", "0", "1", "1", ""
0x003FA258, "CreatureRangedAttack_Mouth1_Oxygen", "Creature Ranged Attack Mouth Oxygen", "CreatureRangedMouth1", "9", "3.000000", "45", "0.400000", "56.000000", "0x00000000", "Creature Oxygen", "0", "", "0", "0", "1", "1", ""
